{"deviceType":"phone,tablet","checkEntry":"true","localPropertiesPath":"B:\\yaoyao\\MyApplication3\\local.properties","Path":"B:\\yaoyao\\","note":"false","aceProfilePath":"B:\\yaoyao\\MyApplication3\\entry\\.preview\\default\\intermediates\\res\\default\\resources\\base\\profile","isPreview":"true","hapMode":"false","buildMode":"debug","img2bin":"true","projectProfilePath":"B:\\yaoyao\\MyApplication3\\build-profile.json5","watchMode":"true","appResource":"B:\\yaoyao\\MyApplication3\\entry\\.preview\\default\\intermediates\\res\\default\\ResourceTable.txt","logLevel":"3","stageRouterConfig":{"contents":["{\"module\":{\"pages\":\"$profile:main_pages\",\"name\":\"entry\"}}","{\"src\":[\"pages/Index\"]}"],"paths":["B:\\yaoyao\\MyApplication3\\entry\\.preview\\default\\intermediates\\res\\default\\module.json","B:\\yaoyao\\MyApplication3\\entry\\.preview\\default\\intermediates\\res\\default\\resources\\base\\profile\\main_pages.json"]},"port":"29904","aceBuildJson":"B:\\yaoyao\\MyApplication3\\entry\\.preview\\default\\intermediates\\loader\\default\\loader.json","aceModuleRoot":"B:\\yaoyao\\MyApplication3\\entry\\src\\main\\ets","aceSoPath":"B:\\yaoyao\\MyApplication3\\entry\\.preview\\cache\\nativeDependencies.txt","cachePath":"B:\\yaoyao\\MyApplication3\\entry\\.preview\\cache","aceModuleBuild":"B:\\yaoyao\\MyApplication3\\entry\\.preview\\default\\intermediates\\assets\\default\\ets","aceSuperVisualPath":"B:\\yaoyao\\MyApplication3\\entry\\src\\main\\supervisual","aceModuleJsonPath":"B:\\yaoyao\\MyApplication3\\entry\\.preview\\default\\intermediates\\res\\default\\module.json"}