{"modules":[{"assertions":{},"code":"import UIAbility from '@ohos.app.ability.UIAbility';\r\nimport hilog from '@ohos.hilog';\r\nexport default class EntryAbility extends UIAbility {\r\n    onCreate(want, launchParam) {\r\n        hilog.info(0x0000, 'testTag', '%{public}s', 'Ability onCreate');\r\n    }\r\n    onDestroy() {\r\n        hilog.info(0x0000, 'testTag', '%{public}s', 'Ability onDestroy');\r\n    }\r\n    onWindowStageCreate(windowStage) {\r\n        // Main window is created, set main page for this ability\r\n        hilog.info(0x0000, 'testTag', '%{public}s', 'Ability onWindowStageCreate');\r\n        windowStage.loadContent('pages/Index', (err, data) => {\r\n            var _a, _b;\r\n            if (err.code) {\r\n                hilog.error(0x0000, 'testTag', 'Failed to load the content. Cause: %{public}s', (_a = JSON.stringify(err)) !== null && _a !== void 0 ? _a : '');\r\n                return;\r\n            }\r\n            hilog.info(0x0000, 'testTag', 'Succeeded in loading the content. Data: %{public}s', (_b = JSON.stringify(data)) !== null && _b !== void 0 ? _b : '');\r\n        });\r\n    }\r\n    onWindowStageDestroy() {\r\n        // Main window is destroyed, release UI related resources\r\n        hilog.info(0x0000, 'testTag', '%{public}s', 'Ability onWindowStageDestroy');\r\n    }\r\n    onForeground() {\r\n        // Ability has brought to foreground\r\n        hilog.info(0x0000, 'testTag', '%{public}s', 'Ability onForeground');\r\n    }\r\n    onBackground() {\r\n        // Ability has back to background\r\n        hilog.info(0x0000, 'testTag', '%{public}s', 'Ability onBackground');\r\n    }\r\n}\r\n//# sourceMappingURL=EntryAbility.js.map","customTransformCache":false,"dependencies":["\u0000rollup_plugin_ignore_empty_module_placeholder"],"id":"B:\\yaoyao\\MyApplication3\\entry\\src\\main\\ets\\entryability\\EntryAbility.ts","meta":{"hostModulesInfo":[],"moduleName":"entry","isLocalDependency":true,"isNodeEntryFile":false,"pkgPath":"B:\\yaoyao\\MyApplication3\\entry"},"moduleSideEffects":true,"originalCode":"import UIAbility from '@ohos.app.ability.UIAbility';\r\nimport hilog from '@ohos.hilog';\r\nimport window from '@ohos.window';\r\n\r\nexport default class EntryAbility extends UIAbility {\r\n  onCreate(want, launchParam) {\r\n    hilog.info(0x0000, 'testTag', '%{public}s', 'Ability onCreate');\r\n  }\r\n\r\n  onDestroy() {\r\n    hilog.info(0x0000, 'testTag', '%{public}s', 'Ability onDestroy');\r\n  }\r\n\r\n  onWindowStageCreate(windowStage: window.WindowStage) {\r\n    // Main window is created, set main page for this ability\r\n    hilog.info(0x0000, 'testTag', '%{public}s', 'Ability onWindowStageCreate');\r\n\r\n    windowStage.loadContent('pages/Index', (err, data) => {\r\n      if (err.code) {\r\n        hilog.error(0x0000, 'testTag', 'Failed to load the content. Cause: %{public}s', JSON.stringify(err) ?? '');\r\n        return;\r\n      }\r\n      hilog.info(0x0000, 'testTag', 'Succeeded in loading the content. Data: %{public}s', JSON.stringify(data) ?? '');\r\n    });\r\n  }\r\n\r\n  onWindowStageDestroy() {\r\n    // Main window is destroyed, release UI related resources\r\n    hilog.info(0x0000, 'testTag', '%{public}s', 'Ability onWindowStageDestroy');\r\n  }\r\n\r\n  onForeground() {\r\n    // Ability has brought to foreground\r\n    hilog.info(0x0000, 'testTag', '%{public}s', 'Ability onForeground');\r\n  }\r\n\r\n  onBackground() {\r\n    // Ability has back to background\r\n    hilog.info(0x0000, 'testTag', '%{public}s', 'Ability onBackground');\r\n  }\r\n}\r\n","originalSourcemap":{"version":3,"mappings":[[[0,0,0,0],[1,0,0,7],[2,0,0,7],[3,0,0,7],[4,0,0,7],[5,0,0,7],[6,0,0,7],[7,0,0,7],[8,0,0,7],[9,0,0,7],[10,0,0,7],[11,0,0,7],[12,0,0,7],[13,0,0,7],[14,0,0,7],[15,0,0,7],[16,0,0,16],[17,0,0,22],[18,0,0,22],[19,0,0,22],[20,0,0,22],[21,0,0,22],[22,0,0,22],[23,0,0,22],[24,0,0,22],[25,0,0,22],[26,0,0,22],[27,0,0,22],[28,0,0,22],[29,0,0,22],[30,0,0,22],[31,0,0,22],[32,0,0,22],[33,0,0,22],[34,0,0,22],[35,0,0,22],[36,0,0,22],[37,0,0,22],[38,0,0,22],[39,0,0,22],[40,0,0,22],[41,0,0,22],[42,0,0,22],[43,0,0,22],[44,0,0,22],[45,0,0,22],[46,0,0,22],[47,0,0,22],[48,0,0,22],[49,0,0,22],[50,0,0,22],[51,0,0,51],[52,0,0,52],[53,0,0,52]],[[0,0,1,0],[1,0,1,7],[2,0,1,7],[3,0,1,7],[4,0,1,7],[5,0,1,7],[6,0,1,7],[7,0,1,7],[8,0,1,7],[9,0,1,7],[10,0,1,7],[11,0,1,7],[12,0,1,12],[13,0,1,18],[14,0,1,18],[15,0,1,18],[16,0,1,18],[17,0,1,18],[18,0,1,18],[19,0,1,18],[20,0,1,18],[21,0,1,18],[22,0,1,18],[23,0,1,18],[24,0,1,18],[25,0,1,18],[26,0,1,18],[27,0,1,18],[28,0,1,18],[29,0,1,18],[30,0,1,18],[31,0,1,31],[32,0,1,32],[33,0,1,32]],[[0,0,4,0],[1,0,4,0],[2,0,4,0],[3,0,4,0],[4,0,4,0],[5,0,4,0],[6,0,4,6],[7,0,4,7],[8,0,4,7],[9,0,4,7],[10,0,4,7],[11,0,4,7],[12,0,4,7],[13,0,4,7],[14,0,4,14],[15,0,4,21],[16,0,4,21],[17,0,4,21],[18,0,4,21],[19,0,4,21],[20,0,4,21],[21,0,4,21],[22,0,4,21],[23,0,4,21],[24,0,4,21],[25,0,4,21],[26,0,4,21],[27,0,4,21],[28,0,4,21],[29,0,4,21],[30,0,4,21],[31,0,4,21],[32,0,4,21],[33,0,4,34],[42,0,4,42],[43,0,4,51],[44,0,4,51],[45,0,4,51],[46,0,4,51],[47,0,4,51],[48,0,4,51],[49,0,4,51],[50,0,4,51],[51,0,4,51],[52,0,4,51],[53,0,4,51],[54,0,4,51]],[[4,0,5,2],[5,0,5,10],[6,0,5,10],[7,0,5,10],[8,0,5,10],[9,0,5,10],[10,0,5,10],[11,0,5,10],[12,0,5,10],[13,0,5,11],[14,0,5,15],[15,0,5,15],[16,0,5,15],[17,0,5,15],[18,0,5,15],[19,0,5,17],[20,0,5,28],[21,0,5,28],[22,0,5,28],[23,0,5,28],[24,0,5,28],[25,0,5,28],[26,0,5,28],[27,0,5,28],[28,0,5,28],[29,0,5,28],[30,0,5,28],[31,0,5,28],[32,0,5,28],[33,0,5,28],[34,0,5,28]],[[8,0,6,4],[9,0,6,9],[10,0,6,9],[11,0,6,9],[12,0,6,9],[13,0,6,9],[14,0,6,10],[15,0,6,14],[16,0,6,14],[17,0,6,14],[18,0,6,14],[19,0,6,15],[20,0,6,21],[21,0,6,21],[22,0,6,21],[23,0,6,21],[24,0,6,21],[25,0,6,21],[26,0,6,21],[27,0,6,23],[28,0,6,32],[29,0,6,32],[30,0,6,32],[31,0,6,32],[32,0,6,32],[33,0,6,32],[34,0,6,32],[35,0,6,32],[36,0,6,32],[37,0,6,32],[38,0,6,34],[39,0,6,46],[40,0,6,46],[41,0,6,46],[42,0,6,46],[43,0,6,46],[44,0,6,46],[45,0,6,46],[46,0,6,46],[47,0,6,46],[48,0,6,46],[49,0,6,46],[50,0,6,46],[51,0,6,46],[52,0,6,48],[53,0,6,66],[54,0,6,66],[55,0,6,66],[56,0,6,66],[57,0,6,66],[58,0,6,66],[59,0,6,66],[60,0,6,66],[61,0,6,66],[62,0,6,66],[63,0,6,66],[64,0,6,66],[65,0,6,66],[66,0,6,66],[67,0,6,66],[68,0,6,66],[69,0,6,66],[70,0,6,66],[71,0,6,67],[72,0,6,68],[73,0,6,68]],[[4,0,7,2],[5,0,7,3],[6,0,7,3]],[[4,0,9,2],[5,0,9,11],[6,0,9,11],[7,0,9,11],[8,0,9,11],[9,0,9,11],[10,0,9,11],[11,0,9,11],[12,0,9,11],[13,0,9,11],[14,0,9,11],[15,0,9,11],[16,0,9,11],[17,0,9,11],[18,0,9,11]],[[8,0,10,4],[9,0,10,9],[10,0,10,9],[11,0,10,9],[12,0,10,9],[13,0,10,9],[14,0,10,10],[15,0,10,14],[16,0,10,14],[17,0,10,14],[18,0,10,14],[19,0,10,15],[20,0,10,21],[21,0,10,21],[22,0,10,21],[23,0,10,21],[24,0,10,21],[25,0,10,21],[26,0,10,21],[27,0,10,23],[28,0,10,32],[29,0,10,32],[30,0,10,32],[31,0,10,32],[32,0,10,32],[33,0,10,32],[34,0,10,32],[35,0,10,32],[36,0,10,32],[37,0,10,32],[38,0,10,34],[39,0,10,46],[40,0,10,46],[41,0,10,46],[42,0,10,46],[43,0,10,46],[44,0,10,46],[45,0,10,46],[46,0,10,46],[47,0,10,46],[48,0,10,46],[49,0,10,46],[50,0,10,46],[51,0,10,46],[52,0,10,48],[53,0,10,67],[54,0,10,67],[55,0,10,67],[56,0,10,67],[57,0,10,67],[58,0,10,67],[59,0,10,67],[60,0,10,67],[61,0,10,67],[62,0,10,67],[63,0,10,67],[64,0,10,67],[65,0,10,67],[66,0,10,67],[67,0,10,67],[68,0,10,67],[69,0,10,67],[70,0,10,67],[71,0,10,67],[72,0,10,68],[73,0,10,69],[74,0,10,69]],[[4,0,11,2],[5,0,11,3],[6,0,11,3]],[[0,0,13,2],[1,0,13,2],[2,0,13,2],[3,0,13,2],[4,0,13,2],[5,0,13,2],[6,0,13,2],[7,0,13,2],[8,0,13,2],[9,0,13,2],[10,0,13,2],[11,0,13,2],[12,0,13,2],[13,0,13,2],[14,0,13,2],[15,0,13,2],[16,0,13,2],[17,0,13,2],[18,0,13,2],[19,0,13,2],[20,0,13,2],[21,0,13,2],[22,0,13,2],[23,0,13,21],[24,0,13,22],[25,0,13,53],[26,0,13,53],[27,0,13,53],[28,0,13,53],[29,0,13,53],[30,0,13,53],[31,0,13,53],[32,0,13,53],[33,0,13,53],[34,0,13,53],[35,0,13,53],[36,0,13,53],[37,0,13,53],[38,0,13,53],[39,0,13,53]],[[8,0,14,4],[9,0,14,61],[10,0,14,61],[11,0,14,61],[12,0,14,61],[13,0,14,61],[14,0,14,61],[15,0,14,61],[16,0,14,61],[17,0,14,61],[18,0,14,61],[19,0,14,61],[20,0,14,61],[21,0,14,61],[22,0,14,61],[23,0,14,61],[24,0,14,61],[25,0,14,61],[26,0,14,61],[27,0,14,61],[28,0,14,61],[29,0,14,61],[30,0,14,61],[31,0,14,61],[32,0,14,61],[33,0,14,61],[34,0,14,61],[35,0,14,61],[36,0,14,61],[37,0,14,61],[38,0,14,61],[39,0,14,61],[40,0,14,61],[41,0,14,61],[42,0,14,61],[43,0,14,61],[44,0,14,61],[45,0,14,61],[46,0,14,61],[47,0,14,61],[48,0,14,61],[49,0,14,61],[50,0,14,61],[51,0,14,61],[52,0,14,61],[53,0,14,61],[54,0,14,61],[55,0,14,61],[56,0,14,61],[57,0,14,61],[58,0,14,61],[59,0,14,61],[60,0,14,61],[61,0,14,61],[62,0,14,61],[63,0,14,61],[64,0,14,61],[65,0,14,61],[66,0,14,61]],[[8,0,15,4],[9,0,15,9],[10,0,15,9],[11,0,15,9],[12,0,15,9],[13,0,15,9],[14,0,15,10],[15,0,15,14],[16,0,15,14],[17,0,15,14],[18,0,15,14],[19,0,15,15],[20,0,15,21],[21,0,15,21],[22,0,15,21],[23,0,15,21],[24,0,15,21],[25,0,15,21],[26,0,15,21],[27,0,15,23],[28,0,15,32],[29,0,15,32],[30,0,15,32],[31,0,15,32],[32,0,15,32],[33,0,15,32],[34,0,15,32],[35,0,15,32],[36,0,15,32],[37,0,15,32],[38,0,15,34],[39,0,15,46],[40,0,15,46],[41,0,15,46],[42,0,15,46],[43,0,15,46],[44,0,15,46],[45,0,15,46],[46,0,15,46],[47,0,15,46],[48,0,15,46],[49,0,15,46],[50,0,15,46],[51,0,15,46],[52,0,15,48],[53,0,15,77],[54,0,15,77],[55,0,15,77],[56,0,15,77],[57,0,15,77],[58,0,15,77],[59,0,15,77],[60,0,15,77],[61,0,15,77],[62,0,15,77],[63,0,15,77],[64,0,15,77],[65,0,15,77],[66,0,15,77],[67,0,15,77],[68,0,15,77],[69,0,15,77],[70,0,15,77],[71,0,15,77],[72,0,15,77],[73,0,15,77],[74,0,15,77],[75,0,15,77],[76,0,15,77],[77,0,15,77],[78,0,15,77],[79,0,15,77],[80,0,15,77],[81,0,15,77],[82,0,15,78],[83,0,15,79],[84,0,15,79]],[[8,0,17,4],[9,0,17,15],[10,0,17,15],[11,0,17,15],[12,0,17,15],[13,0,17,15],[14,0,17,15],[15,0,17,15],[16,0,17,15],[17,0,17,15],[18,0,17,15],[19,0,17,15],[20,0,17,16],[21,0,17,27],[22,0,17,27],[23,0,17,27],[24,0,17,27],[25,0,17,27],[26,0,17,27],[27,0,17,27],[28,0,17,27],[29,0,17,27],[30,0,17,27],[31,0,17,27],[32,0,17,28],[33,0,17,41],[34,0,17,41],[35,0,17,41],[36,0,17,41],[37,0,17,41],[38,0,17,41],[39,0,17,41],[40,0,17,41],[41,0,17,41],[42,0,17,41],[43,0,17,41],[44,0,17,41],[45,0,17,41],[46,0,17,41],[47,0,17,43],[48,0,17,44],[49,0,17,47],[50,0,17,47],[51,0,17,47],[52,0,17,47],[53,0,17,49],[54,0,17,53],[55,0,17,53],[56,0,17,53],[57,0,17,53],[58,0,17,53],[59,0,17,55],[60,0,17,57],[61,0,17,57],[62,0,17,57],[63,0,17,57],[64,0,17,57]],[],[[12,0,18,6],[13,0,18,10],[14,0,18,10],[15,0,18,10],[16,0,18,10],[17,0,18,10],[18,0,18,10],[19,0,18,13],[20,0,18,14],[21,0,18,14],[22,0,18,14],[23,0,18,14],[24,0,18,18],[25,0,18,20],[26,0,18,20],[27,0,18,20],[28,0,18,20]],[[0,0,19,8],[1,0,19,8],[2,0,19,8],[3,0,19,8],[4,0,19,8],[5,0,19,8],[6,0,19,8],[7,0,19,8],[8,0,19,8],[9,0,19,8],[10,0,19,8],[11,0,19,8],[12,0,19,8],[13,0,19,8],[14,0,19,8],[15,0,19,8],[16,0,19,8],[17,0,19,8],[18,0,19,8],[19,0,19,8],[20,0,19,8],[21,0,19,13],[22,0,19,14],[23,0,19,19],[24,0,19,19],[25,0,19,19],[26,0,19,19],[27,0,19,19],[28,0,19,20],[34,0,19,26],[35,0,19,28],[36,0,19,28],[37,0,19,28],[38,0,19,28],[39,0,19,28],[40,0,19,28],[41,0,19,28],[42,0,19,28],[43,0,19,28],[44,0,19,28],[45,0,19,37],[47,0,19,39],[48,0,19,86],[49,0,19,86],[50,0,19,86],[51,0,19,86],[52,0,19,86],[53,0,19,86],[54,0,19,86],[55,0,19,86],[56,0,19,86],[57,0,19,86],[58,0,19,86],[59,0,19,86],[60,0,19,86],[61,0,19,86],[62,0,19,86],[63,0,19,86],[64,0,19,86],[65,0,19,86],[66,0,19,86],[67,0,19,86],[68,0,19,86],[69,0,19,86],[70,0,19,86],[71,0,19,86],[72,0,19,86],[73,0,19,86],[74,0,19,86],[75,0,19,86],[76,0,19,86],[77,0,19,86],[78,0,19,86],[79,0,19,86],[80,0,19,86],[81,0,19,86],[82,0,19,86],[83,0,19,86],[84,0,19,86],[85,0,19,86],[86,0,19,86],[87,0,19,86],[88,0,19,86],[89,0,19,86],[90,0,19,86],[91,0,19,86],[92,0,19,86],[93,0,19,86],[94,0,19,86],[95,0,19,86],[96,0,19,88],[102,0,19,88],[103,0,19,92],[104,0,19,92],[105,0,19,92],[106,0,19,92],[107,0,19,93],[116,0,19,102],[117,0,19,103],[118,0,19,103],[119,0,19,103],[120,0,19,106],[121,0,19,107],[122,0,19,111],[123,0,19,111],[124,0,19,111],[125,0,19,111],[126,0,19,111],[127,0,19,111],[128,0,19,111],[129,0,19,111],[130,0,19,111],[131,0,19,111],[132,0,19,111],[133,0,19,111],[134,0,19,111],[135,0,19,111],[136,0,19,111],[137,0,19,111],[138,0,19,111],[139,0,19,111],[140,0,19,111],[141,0,19,111],[142,0,19,111],[143,0,19,111],[144,0,19,111],[145,0,19,111],[146,0,19,111],[147,0,19,111],[148,0,19,111],[149,0,19,111],[150,0,19,111],[151,0,19,111],[152,0,19,111],[153,0,19,111],[154,0,19,111],[155,0,19,111],[156,0,19,111],[157,0,19,111],[158,0,19,113],[159,0,19,114],[160,0,19,115],[161,0,19,115]],[[16,0,20,8],[17,0,20,15],[18,0,20,15],[19,0,20,15],[20,0,20,15],[21,0,20,15],[22,0,20,15],[23,0,20,15],[24,0,20,15]],[[0,0,21,7],[1,0,21,7],[2,0,21,7],[3,0,21,7],[4,0,21,7],[5,0,21,7],[6,0,21,7],[7,0,21,7],[8,0,21,7],[9,0,21,7],[10,0,21,7],[11,0,21,7],[12,0,21,7],[13,0,21,7],[14,0,21,7]],[[0,0,22,6],[1,0,22,6],[2,0,22,6],[3,0,22,6],[4,0,22,6],[5,0,22,6],[6,0,22,6],[7,0,22,6],[8,0,22,6],[9,0,22,6],[10,0,22,6],[11,0,22,6],[12,0,22,6],[13,0,22,6],[14,0,22,6],[15,0,22,6],[16,0,22,6],[17,0,22,11],[18,0,22,12],[19,0,22,16],[20,0,22,16],[21,0,22,16],[22,0,22,16],[23,0,22,17],[29,0,22,23],[30,0,22,25],[31,0,22,25],[32,0,22,25],[33,0,22,25],[34,0,22,25],[35,0,22,25],[36,0,22,25],[37,0,22,25],[38,0,22,25],[39,0,22,25],[40,0,22,34],[42,0,22,36],[43,0,22,88],[44,0,22,88],[45,0,22,88],[46,0,22,88],[47,0,22,88],[48,0,22,88],[49,0,22,88],[50,0,22,88],[51,0,22,88],[52,0,22,88],[53,0,22,88],[54,0,22,88],[55,0,22,88],[56,0,22,88],[57,0,22,88],[58,0,22,88],[59,0,22,88],[60,0,22,88],[61,0,22,88],[62,0,22,88],[63,0,22,88],[64,0,22,88],[65,0,22,88],[66,0,22,88],[67,0,22,88],[68,0,22,88],[69,0,22,88],[70,0,22,88],[71,0,22,88],[72,0,22,88],[73,0,22,88],[74,0,22,88],[75,0,22,88],[76,0,22,88],[77,0,22,88],[78,0,22,88],[79,0,22,88],[80,0,22,88],[81,0,22,88],[82,0,22,88],[83,0,22,88],[84,0,22,88],[85,0,22,88],[86,0,22,88],[87,0,22,88],[88,0,22,88],[89,0,22,88],[90,0,22,88],[91,0,22,88],[92,0,22,88],[93,0,22,88],[94,0,22,88],[95,0,22,88],[96,0,22,90],[102,0,22,90],[103,0,22,94],[104,0,22,94],[105,0,22,94],[106,0,22,94],[107,0,22,95],[116,0,22,104],[117,0,22,105],[118,0,22,105],[119,0,22,105],[120,0,22,105],[121,0,22,109],[122,0,22,110],[123,0,22,114],[124,0,22,114],[125,0,22,114],[126,0,22,114],[127,0,22,114],[128,0,22,114],[129,0,22,114],[130,0,22,114],[131,0,22,114],[132,0,22,114],[133,0,22,114],[134,0,22,114],[135,0,22,114],[136,0,22,114],[137,0,22,114],[138,0,22,114],[139,0,22,114],[140,0,22,114],[141,0,22,114],[142,0,22,114],[143,0,22,114],[144,0,22,114],[145,0,22,114],[146,0,22,114],[147,0,22,114],[148,0,22,114],[149,0,22,114],[150,0,22,114],[151,0,22,114],[152,0,22,114],[153,0,22,114],[154,0,22,114],[155,0,22,114],[156,0,22,114],[157,0,22,114],[158,0,22,114],[159,0,22,116],[160,0,22,117],[161,0,22,118],[162,0,22,118]],[[0,0,23,4],[1,0,23,4],[2,0,23,4],[3,0,23,4],[4,0,23,4],[5,0,23,4],[6,0,23,4],[7,0,23,4],[8,0,23,4],[9,0,23,5],[10,0,23,6],[11,0,23,7],[12,0,23,7]],[[4,0,24,2],[5,0,24,3],[6,0,24,3]],[[4,0,26,2],[5,0,26,22],[6,0,26,22],[7,0,26,22],[8,0,26,22],[9,0,26,22],[10,0,26,22],[11,0,26,22],[12,0,26,22],[13,0,26,22],[14,0,26,22],[15,0,26,22],[16,0,26,22],[17,0,26,22],[18,0,26,22],[19,0,26,22],[20,0,26,22],[21,0,26,22],[22,0,26,22],[23,0,26,22],[24,0,26,22],[25,0,26,22],[26,0,26,22],[27,0,26,22],[28,0,26,22],[29,0,26,22]],[[8,0,27,4],[9,0,27,61],[10,0,27,61],[11,0,27,61],[12,0,27,61],[13,0,27,61],[14,0,27,61],[15,0,27,61],[16,0,27,61],[17,0,27,61],[18,0,27,61],[19,0,27,61],[20,0,27,61],[21,0,27,61],[22,0,27,61],[23,0,27,61],[24,0,27,61],[25,0,27,61],[26,0,27,61],[27,0,27,61],[28,0,27,61],[29,0,27,61],[30,0,27,61],[31,0,27,61],[32,0,27,61],[33,0,27,61],[34,0,27,61],[35,0,27,61],[36,0,27,61],[37,0,27,61],[38,0,27,61],[39,0,27,61],[40,0,27,61],[41,0,27,61],[42,0,27,61],[43,0,27,61],[44,0,27,61],[45,0,27,61],[46,0,27,61],[47,0,27,61],[48,0,27,61],[49,0,27,61],[50,0,27,61],[51,0,27,61],[52,0,27,61],[53,0,27,61],[54,0,27,61],[55,0,27,61],[56,0,27,61],[57,0,27,61],[58,0,27,61],[59,0,27,61],[60,0,27,61],[61,0,27,61],[62,0,27,61],[63,0,27,61],[64,0,27,61],[65,0,27,61],[66,0,27,61]],[[8,0,28,4],[9,0,28,9],[10,0,28,9],[11,0,28,9],[12,0,28,9],[13,0,28,9],[14,0,28,10],[15,0,28,14],[16,0,28,14],[17,0,28,14],[18,0,28,14],[19,0,28,15],[20,0,28,21],[21,0,28,21],[22,0,28,21],[23,0,28,21],[24,0,28,21],[25,0,28,21],[26,0,28,21],[27,0,28,23],[28,0,28,32],[29,0,28,32],[30,0,28,32],[31,0,28,32],[32,0,28,32],[33,0,28,32],[34,0,28,32],[35,0,28,32],[36,0,28,32],[37,0,28,32],[38,0,28,34],[39,0,28,46],[40,0,28,46],[41,0,28,46],[42,0,28,46],[43,0,28,46],[44,0,28,46],[45,0,28,46],[46,0,28,46],[47,0,28,46],[48,0,28,46],[49,0,28,46],[50,0,28,46],[51,0,28,46],[52,0,28,48],[53,0,28,78],[54,0,28,78],[55,0,28,78],[56,0,28,78],[57,0,28,78],[58,0,28,78],[59,0,28,78],[60,0,28,78],[61,0,28,78],[62,0,28,78],[63,0,28,78],[64,0,28,78],[65,0,28,78],[66,0,28,78],[67,0,28,78],[68,0,28,78],[69,0,28,78],[70,0,28,78],[71,0,28,78],[72,0,28,78],[73,0,28,78],[74,0,28,78],[75,0,28,78],[76,0,28,78],[77,0,28,78],[78,0,28,78],[79,0,28,78],[80,0,28,78],[81,0,28,78],[82,0,28,78],[83,0,28,79],[84,0,28,80],[85,0,28,80]],[[4,0,29,2],[5,0,29,3],[6,0,29,3]],[[4,0,31,2],[5,0,31,14],[6,0,31,14],[7,0,31,14],[8,0,31,14],[9,0,31,14],[10,0,31,14],[11,0,31,14],[12,0,31,14],[13,0,31,14],[14,0,31,14],[15,0,31,14],[16,0,31,14],[17,0,31,14],[18,0,31,14],[19,0,31,14],[20,0,31,14],[21,0,31,14]],[[8,0,32,4],[9,0,32,40],[10,0,32,40],[11,0,32,40],[12,0,32,40],[13,0,32,40],[14,0,32,40],[15,0,32,40],[16,0,32,40],[17,0,32,40],[18,0,32,40],[19,0,32,40],[20,0,32,40],[21,0,32,40],[22,0,32,40],[23,0,32,40],[24,0,32,40],[25,0,32,40],[26,0,32,40],[27,0,32,40],[28,0,32,40],[29,0,32,40],[30,0,32,40],[31,0,32,40],[32,0,32,40],[33,0,32,40],[34,0,32,40],[35,0,32,40],[36,0,32,40],[37,0,32,40],[38,0,32,40],[39,0,32,40],[40,0,32,40],[41,0,32,40],[42,0,32,40],[43,0,32,40],[44,0,32,40],[45,0,32,40]],[[8,0,33,4],[9,0,33,9],[10,0,33,9],[11,0,33,9],[12,0,33,9],[13,0,33,9],[14,0,33,10],[15,0,33,14],[16,0,33,14],[17,0,33,14],[18,0,33,14],[19,0,33,15],[20,0,33,21],[21,0,33,21],[22,0,33,21],[23,0,33,21],[24,0,33,21],[25,0,33,21],[26,0,33,21],[27,0,33,23],[28,0,33,32],[29,0,33,32],[30,0,33,32],[31,0,33,32],[32,0,33,32],[33,0,33,32],[34,0,33,32],[35,0,33,32],[36,0,33,32],[37,0,33,32],[38,0,33,34],[39,0,33,46],[40,0,33,46],[41,0,33,46],[42,0,33,46],[43,0,33,46],[44,0,33,46],[45,0,33,46],[46,0,33,46],[47,0,33,46],[48,0,33,46],[49,0,33,46],[50,0,33,46],[51,0,33,46],[52,0,33,48],[53,0,33,70],[54,0,33,70],[55,0,33,70],[56,0,33,70],[57,0,33,70],[58,0,33,70],[59,0,33,70],[60,0,33,70],[61,0,33,70],[62,0,33,70],[63,0,33,70],[64,0,33,70],[65,0,33,70],[66,0,33,70],[67,0,33,70],[68,0,33,70],[69,0,33,70],[70,0,33,70],[71,0,33,70],[72,0,33,70],[73,0,33,70],[74,0,33,70],[75,0,33,71],[76,0,33,72],[77,0,33,72]],[[4,0,34,2],[5,0,34,3],[6,0,34,3]],[[4,0,36,2],[5,0,36,14],[6,0,36,14],[7,0,36,14],[8,0,36,14],[9,0,36,14],[10,0,36,14],[11,0,36,14],[12,0,36,14],[13,0,36,14],[14,0,36,14],[15,0,36,14],[16,0,36,14],[17,0,36,14],[18,0,36,14],[19,0,36,14],[20,0,36,14],[21,0,36,14]],[[8,0,37,4],[9,0,37,37],[10,0,37,37],[11,0,37,37],[12,0,37,37],[13,0,37,37],[14,0,37,37],[15,0,37,37],[16,0,37,37],[17,0,37,37],[18,0,37,37],[19,0,37,37],[20,0,37,37],[21,0,37,37],[22,0,37,37],[23,0,37,37],[24,0,37,37],[25,0,37,37],[26,0,37,37],[27,0,37,37],[28,0,37,37],[29,0,37,37],[30,0,37,37],[31,0,37,37],[32,0,37,37],[33,0,37,37],[34,0,37,37],[35,0,37,37],[36,0,37,37],[37,0,37,37],[38,0,37,37],[39,0,37,37],[40,0,37,37],[41,0,37,37],[42,0,37,37]],[[8,0,38,4],[9,0,38,9],[10,0,38,9],[11,0,38,9],[12,0,38,9],[13,0,38,9],[14,0,38,10],[15,0,38,14],[16,0,38,14],[17,0,38,14],[18,0,38,14],[19,0,38,15],[20,0,38,21],[21,0,38,21],[22,0,38,21],[23,0,38,21],[24,0,38,21],[25,0,38,21],[26,0,38,21],[27,0,38,23],[28,0,38,32],[29,0,38,32],[30,0,38,32],[31,0,38,32],[32,0,38,32],[33,0,38,32],[34,0,38,32],[35,0,38,32],[36,0,38,32],[37,0,38,32],[38,0,38,34],[39,0,38,46],[40,0,38,46],[41,0,38,46],[42,0,38,46],[43,0,38,46],[44,0,38,46],[45,0,38,46],[46,0,38,46],[47,0,38,46],[48,0,38,46],[49,0,38,46],[50,0,38,46],[51,0,38,46],[52,0,38,48],[53,0,38,70],[54,0,38,70],[55,0,38,70],[56,0,38,70],[57,0,38,70],[58,0,38,70],[59,0,38,70],[60,0,38,70],[61,0,38,70],[62,0,38,70],[63,0,38,70],[64,0,38,70],[65,0,38,70],[66,0,38,70],[67,0,38,70],[68,0,38,70],[69,0,38,70],[70,0,38,70],[71,0,38,70],[72,0,38,70],[73,0,38,70],[74,0,38,70],[75,0,38,71],[76,0,38,72],[77,0,38,72]],[[4,0,39,2],[5,0,39,3],[6,0,39,3]],[[0,0,40,1],[1,0,40,1],[2,0,40,1]],[]],"names":[],"sources":["B:\\yaoyao\\MyApplication3\\entry\\src\\main\\ets\\entryability\\EntryAbility.ts"],"sourcesContent":["import UIAbility from '@ohos.app.ability.UIAbility';\r\nimport hilog from '@ohos.hilog';\r\nimport window from '@ohos.window';\r\n\r\nexport default class EntryAbility extends UIAbility {\r\n  onCreate(want, launchParam) {\r\n    hilog.info(0x0000, 'testTag', '%{public}s', 'Ability onCreate');\r\n  }\r\n\r\n  onDestroy() {\r\n    hilog.info(0x0000, 'testTag', '%{public}s', 'Ability onDestroy');\r\n  }\r\n\r\n  onWindowStageCreate(windowStage: window.WindowStage) {\r\n    // Main window is created, set main page for this ability\r\n    hilog.info(0x0000, 'testTag', '%{public}s', 'Ability onWindowStageCreate');\r\n\r\n    windowStage.loadContent('pages/Index', (err, data) => {\r\n      if (err.code) {\r\n        hilog.error(0x0000, 'testTag', 'Failed to load the content. Cause: %{public}s', JSON.stringify(err) ?? '');\r\n        return;\r\n      }\r\n      hilog.info(0x0000, 'testTag', 'Succeeded in loading the content. Data: %{public}s', JSON.stringify(data) ?? '');\r\n    });\r\n  }\r\n\r\n  onWindowStageDestroy() {\r\n    // Main window is destroyed, release UI related resources\r\n    hilog.info(0x0000, 'testTag', '%{public}s', 'Ability onWindowStageDestroy');\r\n  }\r\n\r\n  onForeground() {\r\n    // Ability has brought to foreground\r\n    hilog.info(0x0000, 'testTag', '%{public}s', 'Ability onForeground');\r\n  }\r\n\r\n  onBackground() {\r\n    // Ability has back to background\r\n    hilog.info(0x0000, 'testTag', '%{public}s', 'Ability onBackground');\r\n  }\r\n}\r\n"]},"resolvedIds":{"@ohos.app.ability.UIAbility":{"assertions":{},"external":false,"id":"\u0000rollup_plugin_ignore_empty_module_placeholder","meta":{},"moduleSideEffects":true,"resolvedBy":"ignorePlugin","syntheticNamedExports":false},"@ohos.hilog":{"assertions":{},"external":false,"id":"\u0000rollup_plugin_ignore_empty_module_placeholder","meta":{},"moduleSideEffects":true,"resolvedBy":"ignorePlugin","syntheticNamedExports":false}},"sourcemapChain":[],"syntheticNamedExports":false,"transformDependencies":[],"cacheAst":{"dynamicImportCache":[],"exportAllDeclarationCache":[],"exportNamedDeclarationCache":[],"importCache":[{"type":"ImportDeclaration","start":0,"end":52,"specifiers":[{"type":"ImportDefaultSpecifier","start":7,"end":16,"local":{"type":"Identifier","start":7,"end":16,"name":"UIAbility"}}],"source":{"type":"Literal","start":22,"end":51,"value":"@ohos.app.ability.UIAbility","raw":"'@ohos.app.ability.UIAbility'"}},{"type":"ImportDeclaration","start":54,"end":86,"specifiers":[{"type":"ImportDefaultSpecifier","start":61,"end":66,"local":{"type":"Identifier","start":61,"end":66,"name":"hilog"}}],"source":{"type":"Literal","start":72,"end":85,"value":"@ohos.hilog","raw":"'@ohos.hilog'"}}]}},{"assertions":{},"code":"import router from '@ohos.router';\r\nclass Index extends ViewPU {\r\n    constructor(parent, params, __localStorage, elmtId = -1) {\r\n        super(parent, __localStorage, elmtId);\r\n        this.scroller = new Scroller();\r\n        this.setInitiallyProvidedValue(params);\r\n    }\r\n    setInitiallyProvidedValue(params) {\r\n        if (params.scroller !== undefined) {\r\n            this.scroller = params.scroller;\r\n        }\r\n    }\r\n    updateStateVars(params) {\r\n    }\r\n    purgeVariableDependenciesOnElmtId(rmElmtId) {\r\n    }\r\n    aboutToBeDeleted() {\r\n        SubscriberManager.Get().delete(this.id__());\r\n        this.aboutToBeDeletedInternal();\r\n    }\r\n    initialRender() {\r\n        this.observeComponentCreation((elmtId, isInitialRender) => {\r\n            ViewStackProcessor.StartGetAccessRecordingFor(elmtId);\r\n            Row.create();\r\n            Row.debugLine(\"pages/Index.ets(7:5)\");\r\n            if (!isInitialRender) {\r\n                Row.pop();\r\n            }\r\n            ViewStackProcessor.StopGetAccessRecording();\r\n        });\r\n        this.observeComponentCreation((elmtId, isInitialRender) => {\r\n            ViewStackProcessor.StartGetAccessRecordingFor(elmtId);\r\n            Column.create();\r\n            Column.debugLine(\"pages/Index.ets(8:7)\");\r\n            if (!isInitialRender) {\r\n                Column.pop();\r\n            }\r\n            ViewStackProcessor.StopGetAccessRecording();\r\n        });\r\n        this.observeComponentCreation((elmtId, isInitialRender) => {\r\n            ViewStackProcessor.StartGetAccessRecordingFor(elmtId);\r\n            Row.create();\r\n            Row.debugLine(\"pages/Index.ets(9:9)\");\r\n            Row.backgroundColor(Color.Orange);\r\n            Row.height('10%');\r\n            if (!isInitialRender) {\r\n                Row.pop();\r\n            }\r\n            ViewStackProcessor.StopGetAccessRecording();\r\n        });\r\n        this.observeComponentCreation((elmtId, isInitialRender) => {\r\n            ViewStackProcessor.StartGetAccessRecordingFor(elmtId);\r\n            Column.create();\r\n            Column.debugLine(\"pages/Index.ets(10:11)\");\r\n            Column.width('100%');\r\n            if (!isInitialRender) {\r\n                Column.pop();\r\n            }\r\n            ViewStackProcessor.StopGetAccessRecording();\r\n        });\r\n        this.observeComponentCreation((elmtId, isInitialRender) => {\r\n            ViewStackProcessor.StartGetAccessRecordingFor(elmtId);\r\n            Text.create('添加一个账号');\r\n            Text.debugLine(\"pages/Index.ets(11:13)\");\r\n            Text.fontSize(30);\r\n            Text.fontColor(Color.White);\r\n            Text.fontWeight(FontWeight.Normal);\r\n            if (!isInitialRender) {\r\n                Text.pop();\r\n            }\r\n            ViewStackProcessor.StopGetAccessRecording();\r\n        });\r\n        Text.pop();\r\n        Column.pop();\r\n        Row.pop();\r\n        this.observeComponentCreation((elmtId, isInitialRender) => {\r\n            ViewStackProcessor.StartGetAccessRecordingFor(elmtId);\r\n            Row.create();\r\n            Row.debugLine(\"pages/Index.ets(17:9)\");\r\n            Row.backgroundColor(Color.White);\r\n            Row.height('50%');\r\n            if (!isInitialRender) {\r\n                Row.pop();\r\n            }\r\n            ViewStackProcessor.StopGetAccessRecording();\r\n        });\r\n        this.observeComponentCreation((elmtId, isInitialRender) => {\r\n            ViewStackProcessor.StartGetAccessRecordingFor(elmtId);\r\n            Column.create();\r\n            Column.debugLine(\"pages/Index.ets(18:11)\");\r\n            if (!isInitialRender) {\r\n                Column.pop();\r\n            }\r\n            ViewStackProcessor.StopGetAccessRecording();\r\n        });\r\n        this.observeComponentCreation((elmtId, isInitialRender) => {\r\n            ViewStackProcessor.StartGetAccessRecordingFor(elmtId);\r\n            Text.create('\\n\\n\\n');\r\n            Text.debugLine(\"pages/Index.ets(18:21)\");\r\n            if (!isInitialRender) {\r\n                Text.pop();\r\n            }\r\n            ViewStackProcessor.StopGetAccessRecording();\r\n        });\r\n        Text.pop();\r\n        this.observeComponentCreation((elmtId, isInitialRender) => {\r\n            ViewStackProcessor.StartGetAccessRecordingFor(elmtId);\r\n            Image.create({ \"id\": 16777222, \"type\": 20000, params: [], \"bundleName\": \"com.example.myapplication\", \"moduleName\": \"entry\" });\r\n            Image.debugLine(\"pages/Index.ets(19:13)\");\r\n            Image.height(250);\r\n            Image.width(250);\r\n            Image.borderRadius(15);\r\n            if (!isInitialRender) {\r\n                Image.pop();\r\n            }\r\n            ViewStackProcessor.StopGetAccessRecording();\r\n        });\r\n        this.observeComponentCreation((elmtId, isInitialRender) => {\r\n            ViewStackProcessor.StartGetAccessRecordingFor(elmtId);\r\n            Text.create('\\n\\n\\n\\n\\n\\n');\r\n            Text.debugLine(\"pages/Index.ets(20:13)\");\r\n            if (!isInitialRender) {\r\n                Text.pop();\r\n            }\r\n            ViewStackProcessor.StopGetAccessRecording();\r\n        });\r\n        Text.pop();\r\n        this.observeComponentCreation((elmtId, isInitialRender) => {\r\n            ViewStackProcessor.StartGetAccessRecordingFor(elmtId);\r\n            Text.create('  欢迎登录  ');\r\n            Text.debugLine(\"pages/Index.ets(21:13)\");\r\n            Text.fontColor(Color.Orange);\r\n            Text.fontSize(30);\r\n            Text.fontWeight(FontWeight.Normal);\r\n            if (!isInitialRender) {\r\n                Text.pop();\r\n            }\r\n            ViewStackProcessor.StopGetAccessRecording();\r\n        });\r\n        Text.pop();\r\n        this.observeComponentCreation((elmtId, isInitialRender) => {\r\n            ViewStackProcessor.StartGetAccessRecordingFor(elmtId);\r\n            Text.create('\\n\\n\\n\\n\\n\\n\\n\\n\\n');\r\n            Text.debugLine(\"pages/Index.ets(25:13)\");\r\n            if (!isInitialRender) {\r\n                Text.pop();\r\n            }\r\n            ViewStackProcessor.StopGetAccessRecording();\r\n        });\r\n        Text.pop();\r\n        Column.pop();\r\n        Row.pop();\r\n        this.observeComponentCreation((elmtId, isInitialRender) => {\r\n            ViewStackProcessor.StartGetAccessRecordingFor(elmtId);\r\n            Row.create();\r\n            Row.debugLine(\"pages/Index.ets(28:9)\");\r\n            Row.height('5%');\r\n            if (!isInitialRender) {\r\n                Row.pop();\r\n            }\r\n            ViewStackProcessor.StopGetAccessRecording();\r\n        });\r\n        this.observeComponentCreation((elmtId, isInitialRender) => {\r\n            ViewStackProcessor.StartGetAccessRecordingFor(elmtId);\r\n            Text.create('账号：');\r\n            Text.debugLine(\"pages/Index.ets(29:11)\");\r\n            if (!isInitialRender) {\r\n                Text.pop();\r\n            }\r\n            ViewStackProcessor.StopGetAccessRecording();\r\n        });\r\n        Text.pop();\r\n        this.observeComponentCreation((elmtId, isInitialRender) => {\r\n            ViewStackProcessor.StartGetAccessRecordingFor(elmtId);\r\n            TextInput.create({ placeholder: 'Account' });\r\n            TextInput.debugLine(\"pages/Index.ets(30:11)\");\r\n            TextInput.width(260);\r\n            TextInput.type(InputType.Normal);\r\n            if (!isInitialRender) {\r\n                TextInput.pop();\r\n            }\r\n            ViewStackProcessor.StopGetAccessRecording();\r\n        });\r\n        Row.pop();\r\n        this.observeComponentCreation((elmtId, isInitialRender) => {\r\n            ViewStackProcessor.StartGetAccessRecordingFor(elmtId);\r\n            Row.create();\r\n            Row.debugLine(\"pages/Index.ets(32:9)\");\r\n            Row.height('10%');\r\n            if (!isInitialRender) {\r\n                Row.pop();\r\n            }\r\n            ViewStackProcessor.StopGetAccessRecording();\r\n        });\r\n        this.observeComponentCreation((elmtId, isInitialRender) => {\r\n            ViewStackProcessor.StartGetAccessRecordingFor(elmtId);\r\n            Text.create('密码：');\r\n            Text.debugLine(\"pages/Index.ets(33:11)\");\r\n            if (!isInitialRender) {\r\n                Text.pop();\r\n            }\r\n            ViewStackProcessor.StopGetAccessRecording();\r\n        });\r\n        Text.pop();\r\n        this.observeComponentCreation((elmtId, isInitialRender) => {\r\n            ViewStackProcessor.StartGetAccessRecordingFor(elmtId);\r\n            TextInput.create({ placeholder: 'Password' });\r\n            TextInput.debugLine(\"pages/Index.ets(34:11)\");\r\n            TextInput.width(260);\r\n            TextInput.type(InputType.Password);\r\n            if (!isInitialRender) {\r\n                TextInput.pop();\r\n            }\r\n            ViewStackProcessor.StopGetAccessRecording();\r\n        });\r\n        Row.pop();\r\n        this.observeComponentCreation((elmtId, isInitialRender) => {\r\n            ViewStackProcessor.StartGetAccessRecordingFor(elmtId);\r\n            Row.create();\r\n            Row.debugLine(\"pages/Index.ets(36:9)\");\r\n            Row.height('10%');\r\n            if (!isInitialRender) {\r\n                Row.pop();\r\n            }\r\n            ViewStackProcessor.StopGetAccessRecording();\r\n        });\r\n        this.observeComponentCreation((elmtId, isInitialRender) => {\r\n            ViewStackProcessor.StartGetAccessRecordingFor(elmtId);\r\n            Toggle.create({ type: ToggleType.Checkbox, isOn: false });\r\n            Toggle.debugLine(\"pages/Index.ets(37:11)\");\r\n            Toggle.selectedColor(Color.Orange);\r\n            if (!isInitialRender) {\r\n                Toggle.pop();\r\n            }\r\n            ViewStackProcessor.StopGetAccessRecording();\r\n        });\r\n        Toggle.pop();\r\n        this.observeComponentCreation((elmtId, isInitialRender) => {\r\n            ViewStackProcessor.StartGetAccessRecordingFor(elmtId);\r\n            Text.create('我已阅读并同意《用户协议》和《隐私保护指引》');\r\n            Text.debugLine(\"pages/Index.ets(39:11)\");\r\n            Text.fontSize(13);\r\n            if (!isInitialRender) {\r\n                Text.pop();\r\n            }\r\n            ViewStackProcessor.StopGetAccessRecording();\r\n        });\r\n        Text.pop();\r\n        Row.pop();\r\n        this.observeComponentCreation((elmtId, isInitialRender) => {\r\n            ViewStackProcessor.StartGetAccessRecordingFor(elmtId);\r\n            Row.create();\r\n            Row.debugLine(\"pages/Index.ets(41:9)\");\r\n            Row.height('10%');\r\n            if (!isInitialRender) {\r\n                Row.pop();\r\n            }\r\n            ViewStackProcessor.StopGetAccessRecording();\r\n        });\r\n        this.observeComponentCreation((elmtId, isInitialRender) => {\r\n            ViewStackProcessor.StartGetAccessRecordingFor(elmtId);\r\n            Button.createWithLabel('登录', { type: ButtonType.Normal, stateEffect: true });\r\n            Button.debugLine(\"pages/Index.ets(43:11)\");\r\n            Button.borderRadius(10);\r\n            Button.backgroundColor(Color.Orange);\r\n            Button.width(100);\r\n            Button.onClick(() => { router.pushUrl({ url: 'pages/Index' }); });\r\n            if (!isInitialRender) {\r\n                Button.pop();\r\n            }\r\n            ViewStackProcessor.StopGetAccessRecording();\r\n        });\r\n        Button.pop();\r\n        this.observeComponentCreation((elmtId, isInitialRender) => {\r\n            ViewStackProcessor.StartGetAccessRecordingFor(elmtId);\r\n            Text.create('            ');\r\n            Text.debugLine(\"pages/Index.ets(48:11)\");\r\n            if (!isInitialRender) {\r\n                Text.pop();\r\n            }\r\n            ViewStackProcessor.StopGetAccessRecording();\r\n        });\r\n        Text.pop();\r\n        this.observeComponentCreation((elmtId, isInitialRender) => {\r\n            ViewStackProcessor.StartGetAccessRecordingFor(elmtId);\r\n            Button.createWithLabel('注册', { type: ButtonType.Normal, stateEffect: true });\r\n            Button.debugLine(\"pages/Index.ets(49:11)\");\r\n            Button.borderRadius(10);\r\n            Button.backgroundColor(Color.Yellow);\r\n            Button.fontColor(Color.Orange);\r\n            Button.width(100);\r\n            Button.onClick(() => { router.pushUrl({ url: 'pages/register' }); });\r\n            if (!isInitialRender) {\r\n                Button.pop();\r\n            }\r\n            ViewStackProcessor.StopGetAccessRecording();\r\n        });\r\n        Button.pop();\r\n        Row.pop();\r\n        this.observeComponentCreation((elmtId, isInitialRender) => {\r\n            ViewStackProcessor.StartGetAccessRecordingFor(elmtId);\r\n            Row.create();\r\n            Row.debugLine(\"pages/Index.ets(56:9)\");\r\n            Row.height('5%');\r\n            if (!isInitialRender) {\r\n                Row.pop();\r\n            }\r\n            ViewStackProcessor.StopGetAccessRecording();\r\n        });\r\n        this.observeComponentCreation((elmtId, isInitialRender) => {\r\n            ViewStackProcessor.StartGetAccessRecordingFor(elmtId);\r\n            Text.create('手机号登录');\r\n            Text.debugLine(\"pages/Index.ets(57:11)\");\r\n            Text.fontSize(13);\r\n            if (!isInitialRender) {\r\n                Text.pop();\r\n            }\r\n            ViewStackProcessor.StopGetAccessRecording();\r\n        });\r\n        Text.pop();\r\n        this.observeComponentCreation((elmtId, isInitialRender) => {\r\n            ViewStackProcessor.StartGetAccessRecordingFor(elmtId);\r\n            Text.create('其他方式登录');\r\n            Text.debugLine(\"pages/Index.ets(58:11)\");\r\n            Text.fontSize(13);\r\n            if (!isInitialRender) {\r\n                Text.pop();\r\n            }\r\n            ViewStackProcessor.StopGetAccessRecording();\r\n        });\r\n        Text.pop();\r\n        Row.pop();\r\n        Column.pop();\r\n        Row.pop();\r\n    }\r\n    rerender() {\r\n        this.updateDirtyElements();\r\n    }\r\n}\r\nViewStackProcessor.StartGetAccessRecordingFor(ViewStackProcessor.AllocateNewElmetIdForNextComponent());\r\nloadDocument(new Index(undefined, {}));\r\nViewStackProcessor.StopGetAccessRecording();\r\n//# sourceMappingURL=Index.js.map","customTransformCache":false,"dependencies":["\u0000rollup_plugin_ignore_empty_module_placeholder"],"id":"B:\\yaoyao\\MyApplication3\\entry\\src\\main\\ets\\pages\\Index.ets","meta":{"hostModulesInfo":[],"moduleName":"entry","isLocalDependency":true,"isNodeEntryFile":false,"pkgPath":"B:\\yaoyao\\MyApplication3\\entry"},"moduleSideEffects":true,"originalCode":"import router from '@ohos.router';\n@Entry\n@Component\nstruct Index {\n  scroller: Scroller = new Scroller();\n  build() {\n    Row() {\n      Column() {\n        Row() {\n          Column()  {\n            Text('添加一个账号')\n              .fontSize(30)\n              .fontColor(Color.White)\n              .fontWeight(FontWeight.Normal)\n          }.width('100%')\n        }.backgroundColor(Color.Orange).height('10%')\n        Row() {\n          Column() {Text('\\n\\n\\n')\n            Image($r('app.media.icon')).height(250).width(250).borderRadius(15)\n            Text('\\n\\n\\n\\n\\n\\n')\n            Text('  欢迎登录  ')\n              .fontColor(Color.Orange)\n              .fontSize(30)\n              .fontWeight(FontWeight.Normal)\n            Text('\\n\\n\\n\\n\\n\\n\\n\\n\\n')\n          }\n        }.backgroundColor(Color.White).height('50%')\n        Row() {\n          Text('账号：')\n          TextInput({placeholder:'Account'}).width(260).type(InputType.Normal)\n        }.height('5%')\n        Row() {\n          Text('密码：')\n          TextInput({placeholder:'Password'}).width(260).type(InputType.Password)\n        }.height('10%')\n        Row() {\n          Toggle({ type: ToggleType.Checkbox, isOn: false })\n            .selectedColor(Color.Orange)\n          Text('我已阅读并同意《用户协议》和《隐私保护指引》').fontSize(13)\n        }.height('10%')\n        Row()\n        {\n          Button('登录', { type: ButtonType.Normal, stateEffect: true })\n            .borderRadius(10)\n            .backgroundColor(Color.Orange)\n            .width(100)\n            .onClick(()=>{router.pushUrl({url:'pages/Index'})})\n          Text('            ')\n          Button('注册', { type: ButtonType.Normal, stateEffect: true })\n            .borderRadius(10)\n            .backgroundColor(Color.Yellow)\n            .fontColor(Color.Orange)\n            .width(100)\n            .onClick(()=>{router.pushUrl({url:'pages/register'})})\n        }.height('10%')\n        Row() {\n          Text('手机号登录').fontSize(13)\n          Text('其他方式登录').fontSize(13)\n        }.height('5%')\n      }\n    }\n  }\n}","originalSourcemap":{"version":3,"mappings":[[[0,0,0,0],[1,0,0,7],[2,0,0,7],[3,0,0,7],[4,0,0,7],[5,0,0,7],[6,0,0,7],[7,0,0,7],[8,0,0,7],[9,0,0,7],[10,0,0,7],[11,0,0,7],[12,0,0,7],[13,0,0,13],[14,0,0,19],[15,0,0,19],[16,0,0,19],[17,0,0,19],[18,0,0,19],[19,0,0,19],[20,0,0,19],[21,0,0,19],[22,0,0,19],[23,0,0,19],[24,0,0,19],[25,0,0,19],[26,0,0,19],[27,0,0,19],[28,0,0,19],[29,0,0,19],[30,0,0,19],[31,0,0,19],[32,0,0,19],[33,0,0,33],[34,0,0,34],[35,0,0,34]],[[6,0,3,7],[7,0,3,12],[8,0,3,12],[9,0,3,12],[10,0,3,12],[11,0,3,12],[12,0,3,12],[13,0,3,12],[14,0,3,12],[15,0,3,12],[16,0,3,12],[17,0,3,12],[18,0,3,12],[19,0,3,12],[20,0,3,12],[21,0,3,12],[22,0,3,12],[23,0,3,12],[24,0,3,12],[25,0,3,12],[26,0,3,12],[27,0,3,12],[28,0,3,12],[29,0,3,12]],[[0,0,1,0],[1,0,1,0],[2,0,1,0],[3,0,1,0],[4,0,1,0],[5,0,1,0],[6,0,1,0],[7,0,1,0],[8,0,1,0],[9,0,1,0],[10,0,1,0],[11,0,1,0],[12,0,1,0],[13,0,1,0],[14,0,1,0],[15,0,1,0],[16,0,1,0],[17,0,1,0],[18,0,1,0],[19,0,1,0],[20,0,1,0],[21,0,1,0],[22,0,1,0],[23,0,1,0],[24,0,1,0],[25,0,1,0],[26,0,1,0],[27,0,1,0],[28,0,1,0],[29,0,1,0],[30,0,1,0],[31,0,1,0],[32,0,1,0],[33,0,1,0],[34,0,1,0],[35,0,1,0],[36,0,1,0],[37,0,1,0],[38,0,1,0],[39,0,1,0],[40,0,1,0],[41,0,1,0],[42,0,1,0],[43,0,1,0],[44,0,1,0],[45,0,1,0],[46,0,1,0],[47,0,1,0],[48,0,1,0],[49,0,1,0],[50,0,1,0],[51,0,1,0],[52,0,1,0],[53,0,1,0],[54,0,1,0],[55,0,1,0],[56,0,1,0],[57,0,1,0],[58,0,1,0],[59,0,1,0],[60,0,1,0],[61,0,1,0],[62,0,1,0],[63,0,1,0]],[],[[0,0,4,23],[1,0,4,23],[2,0,4,23],[3,0,4,23],[4,0,4,23],[5,0,4,23],[6,0,4,23],[7,0,4,23],[8,0,4,23],[9,0,4,23],[10,0,4,23],[11,0,4,23],[12,0,4,23],[13,0,4,23],[14,0,4,23],[15,0,4,23],[16,0,4,23],[17,0,4,23],[18,0,4,23],[19,0,4,23],[20,0,4,23],[21,0,4,23],[22,0,4,23],[23,0,4,23],[24,0,4,23],[25,0,4,23],[26,0,4,23],[27,0,4,23],[28,0,4,27],[36,0,4,35],[37,0,4,37],[38,0,4,37],[39,0,4,37],[40,0,4,37]],[],[[0,0,0,34],[1,0,0,34],[2,0,0,34],[3,0,0,34],[4,0,0,34],[5,0,0,34],[6,0,0,34]],[],[],[],[],[],[],[],[],[],[],[],[],[],[[0,0,5,2],[1,0,5,2],[2,0,5,2],[3,0,5,2],[4,0,5,2],[5,0,5,2],[6,0,5,2],[7,0,5,2],[8,0,5,2],[9,0,5,2],[10,0,5,2],[11,0,5,2],[12,0,5,2],[13,0,5,2],[14,0,5,2],[15,0,5,2],[16,0,5,2],[17,0,5,2],[18,0,5,2],[19,0,5,2],[20,0,5,2],[21,0,5,2],[22,0,5,2]],[],[],[[12,0,6,4],[13,0,6,7],[14,0,6,7],[15,0,6,7],[16,0,6,7],[17,0,6,7],[18,0,6,7],[19,0,6,7],[20,0,6,7],[21,0,6,7],[22,0,6,7],[23,0,6,7],[24,0,6,7],[25,0,6,7],[26,0,6,7]],[],[],[[16,0,6,4],[17,0,6,7],[18,0,6,7],[19,0,6,7],[20,0,6,7],[21,0,6,7],[22,0,6,7],[23,0,6,7],[24,0,6,7],[25,0,6,7],[26,0,6,7],[27,0,6,7]],[],[],[],[],[],[[12,0,7,6],[13,0,7,12],[14,0,7,12],[15,0,7,12],[16,0,7,12],[17,0,7,12],[18,0,7,12],[19,0,7,12],[20,0,7,12],[21,0,7,12],[22,0,7,12],[23,0,7,12],[24,0,7,12],[25,0,7,12],[26,0,7,12],[27,0,7,12],[28,0,7,12],[29,0,7,12]],[],[],[[16,0,7,6],[17,0,7,12],[18,0,7,12],[19,0,7,12],[20,0,7,12],[21,0,7,12],[22,0,7,12],[23,0,7,12],[24,0,7,12],[25,0,7,12],[26,0,7,12],[27,0,7,12],[28,0,7,12],[29,0,7,12],[30,0,7,12]],[],[],[],[],[],[[12,0,8,8],[13,0,8,11],[14,0,8,11],[15,0,8,11],[16,0,8,11],[17,0,8,11],[18,0,8,11],[19,0,8,11],[20,0,8,11],[21,0,8,11],[22,0,8,11],[23,0,8,11],[24,0,8,11],[25,0,8,11],[26,0,8,11]],[],[[0,0,8,8],[1,0,8,8],[2,0,8,8],[3,0,8,8],[4,0,8,8],[5,0,8,8],[6,0,8,8],[7,0,8,8],[8,0,8,8],[9,0,8,8],[10,0,8,8],[11,0,8,8],[12,0,8,8],[13,0,8,8],[14,0,8,8],[15,0,8,11],[16,0,15,10],[17,0,15,10],[18,0,15,10],[19,0,15,10],[20,0,15,10],[21,0,15,10],[22,0,15,10],[23,0,15,10],[24,0,15,10],[25,0,15,10],[26,0,15,10],[27,0,15,10],[28,0,15,10],[29,0,15,10],[30,0,15,10],[31,0,15,25],[32,0,15,26],[33,0,15,26],[34,0,15,26],[35,0,15,26],[36,0,15,26],[37,0,15,31],[38,0,15,32],[39,0,15,38],[40,0,15,38],[41,0,15,38],[42,0,15,38],[43,0,15,38],[44,0,15,38],[45,0,15,38],[46,0,15,38],[47,0,15,38]],[[12,0,8,8],[13,0,8,11],[14,0,8,11],[15,0,8,11],[16,0,15,40],[17,0,15,46],[18,0,15,46],[19,0,15,46],[20,0,15,46],[21,0,15,46],[22,0,15,46],[23,0,15,47],[24,0,15,52],[25,0,15,52],[26,0,15,52],[27,0,15,52],[28,0,15,52],[29,0,15,52],[30,0,15,52],[31,0,15,52]],[],[[16,0,8,8],[17,0,8,11],[18,0,8,11],[19,0,8,11],[20,0,8,11],[21,0,8,11],[22,0,8,11],[23,0,8,11],[24,0,8,11],[25,0,8,11],[26,0,8,11],[27,0,8,11]],[],[],[],[],[],[[12,0,9,10],[13,0,9,16],[14,0,9,16],[15,0,9,16],[16,0,9,16],[17,0,9,16],[18,0,9,16],[19,0,9,16],[20,0,9,16],[21,0,9,16],[22,0,9,16],[23,0,9,16],[24,0,9,16],[25,0,9,16],[26,0,9,16],[27,0,9,16],[28,0,9,16],[29,0,9,16]],[],[[12,0,9,10],[13,0,9,16],[14,0,9,16],[15,0,9,16],[16,0,9,16],[17,0,9,16],[18,0,9,16],[19,0,14,12],[20,0,14,17],[21,0,14,17],[22,0,14,17],[23,0,14,17],[24,0,14,17],[25,0,14,18],[26,0,14,24],[27,0,14,24],[28,0,14,24],[29,0,14,24],[30,0,14,24],[31,0,14,24],[32,0,14,24],[33,0,14,24],[34,0,14,24]],[],[[16,0,9,10],[17,0,9,16],[18,0,9,16],[19,0,9,16],[20,0,9,16],[21,0,9,16],[22,0,9,16],[23,0,9,16],[24,0,9,16],[25,0,9,16],[26,0,9,16],[27,0,9,16],[28,0,9,16],[29,0,9,16],[30,0,9,16]],[],[],[],[],[],[[0,0,10,12],[1,0,10,12],[2,0,10,12],[3,0,10,12],[4,0,10,12],[5,0,10,12],[6,0,10,12],[7,0,10,12],[8,0,10,12],[9,0,10,12],[10,0,10,12],[11,0,10,12],[12,0,10,12],[13,0,10,12],[14,0,10,12],[15,0,10,12],[16,0,10,16],[24,0,10,17],[25,0,10,25],[26,0,10,25],[27,0,10,25],[28,0,10,25],[29,0,10,25],[30,0,10,25],[31,0,10,25],[32,0,10,25],[33,0,10,25],[34,0,10,25],[35,0,10,25]],[],[[12,0,10,12],[13,0,10,16],[14,0,10,16],[15,0,10,16],[16,0,10,16],[17,0,11,15],[18,0,11,23],[19,0,11,23],[20,0,11,23],[21,0,11,23],[22,0,11,23],[23,0,11,23],[24,0,11,23],[25,0,11,23],[26,0,11,24],[27,0,11,26],[28,0,11,26],[29,0,11,26],[30,0,11,26],[31,0,11,26]],[[0,0,10,12],[1,0,10,12],[2,0,10,12],[3,0,10,12],[4,0,10,12],[5,0,10,12],[6,0,10,12],[7,0,10,12],[8,0,10,12],[9,0,10,12],[10,0,10,12],[11,0,10,12],[12,0,10,12],[13,0,10,12],[14,0,10,12],[15,0,10,12],[16,0,10,16],[17,0,12,15],[18,0,12,15],[19,0,12,15],[20,0,12,15],[21,0,12,15],[22,0,12,15],[23,0,12,15],[24,0,12,15],[25,0,12,15],[26,0,12,24],[27,0,12,25],[28,0,12,25],[29,0,12,25],[30,0,12,25],[31,0,12,25],[32,0,12,30],[33,0,12,31],[34,0,12,36],[35,0,12,36],[36,0,12,36],[37,0,12,36],[38,0,12,36],[39,0,12,36],[40,0,12,36],[41,0,12,36]],[[0,0,10,12],[1,0,10,12],[2,0,10,12],[3,0,10,12],[4,0,10,12],[5,0,10,12],[6,0,10,12],[7,0,10,12],[8,0,10,12],[9,0,10,12],[10,0,10,12],[11,0,10,12],[12,0,10,12],[13,0,10,12],[14,0,10,12],[15,0,10,12],[16,0,10,16],[17,0,13,15],[18,0,13,15],[19,0,13,15],[20,0,13,15],[21,0,13,15],[22,0,13,15],[23,0,13,15],[24,0,13,15],[25,0,13,15],[26,0,13,15],[27,0,13,25],[28,0,13,26],[29,0,13,26],[30,0,13,26],[31,0,13,26],[32,0,13,26],[33,0,13,26],[34,0,13,26],[35,0,13,26],[36,0,13,26],[37,0,13,26],[38,0,13,36],[39,0,13,37],[40,0,13,43],[41,0,13,43],[42,0,13,43],[43,0,13,43],[44,0,13,43],[45,0,13,43],[46,0,13,43],[47,0,13,43],[48,0,13,43]],[],[[16,0,10,12],[17,0,10,16],[18,0,10,16],[19,0,10,16],[20,0,10,16],[21,0,10,16],[22,0,10,16],[23,0,10,16],[24,0,10,16],[25,0,10,16],[26,0,10,16],[27,0,10,16],[28,0,10,16]],[],[],[],[[8,0,10,12],[9,0,10,16],[10,0,10,16],[11,0,10,16],[12,0,10,16],[13,0,10,16],[14,0,10,16],[15,0,10,16],[16,0,10,16],[17,0,10,16],[18,0,10,16],[19,0,10,16],[20,0,10,16]],[[8,0,9,10],[9,0,9,16],[10,0,9,16],[11,0,9,16],[12,0,9,16],[13,0,9,16],[14,0,9,16],[15,0,9,16],[16,0,9,16],[17,0,9,16],[18,0,9,16],[19,0,9,16],[20,0,9,16],[21,0,9,16],[22,0,9,16]],[[8,0,8,8],[9,0,8,11],[10,0,8,11],[11,0,8,11],[12,0,8,11],[13,0,8,11],[14,0,8,11],[15,0,8,11],[16,0,8,11],[17,0,8,11],[18,0,8,11],[19,0,8,11]],[],[],[[12,0,16,8],[13,0,16,11],[14,0,16,11],[15,0,16,11],[16,0,16,11],[17,0,16,11],[18,0,16,11],[19,0,16,11],[20,0,16,11],[21,0,16,11],[22,0,16,11],[23,0,16,11],[24,0,16,11],[25,0,16,11],[26,0,16,11]],[],[[0,0,16,8],[1,0,16,8],[2,0,16,8],[3,0,16,8],[4,0,16,8],[5,0,16,8],[6,0,16,8],[7,0,16,8],[8,0,16,8],[9,0,16,8],[10,0,16,8],[11,0,16,8],[12,0,16,8],[13,0,16,8],[14,0,16,8],[15,0,16,11],[16,0,26,10],[17,0,26,10],[18,0,26,10],[19,0,26,10],[20,0,26,10],[21,0,26,10],[22,0,26,10],[23,0,26,10],[24,0,26,10],[25,0,26,10],[26,0,26,10],[27,0,26,10],[28,0,26,10],[29,0,26,10],[30,0,26,10],[31,0,26,25],[32,0,26,26],[33,0,26,26],[34,0,26,26],[35,0,26,26],[36,0,26,26],[37,0,26,31],[38,0,26,32],[39,0,26,37],[40,0,26,37],[41,0,26,37],[42,0,26,37],[43,0,26,37],[44,0,26,37],[45,0,26,37],[46,0,26,37]],[[12,0,16,8],[13,0,16,11],[14,0,16,11],[15,0,16,11],[16,0,26,39],[17,0,26,45],[18,0,26,45],[19,0,26,45],[20,0,26,45],[21,0,26,45],[22,0,26,45],[23,0,26,46],[24,0,26,51],[25,0,26,51],[26,0,26,51],[27,0,26,51],[28,0,26,51],[29,0,26,51],[30,0,26,51],[31,0,26,51]],[],[[16,0,16,8],[17,0,16,11],[18,0,16,11],[19,0,16,11],[20,0,16,11],[21,0,16,11],[22,0,16,11],[23,0,16,11],[24,0,16,11],[25,0,16,11],[26,0,16,11],[27,0,16,11]],[],[],[],[],[],[[12,0,17,10],[13,0,17,16],[14,0,17,16],[15,0,17,16],[16,0,17,16],[17,0,17,16],[18,0,17,16],[19,0,17,16],[20,0,17,16],[21,0,17,16],[22,0,17,16],[23,0,17,16],[24,0,17,16],[25,0,17,16],[26,0,17,16],[27,0,17,16],[28,0,17,16],[29,0,17,16]],[],[],[[16,0,17,10],[17,0,17,16],[18,0,17,16],[19,0,17,16],[20,0,17,16],[21,0,17,16],[22,0,17,16],[23,0,17,16],[24,0,17,16],[25,0,17,16],[26,0,17,16],[27,0,17,16],[28,0,17,16],[29,0,17,16],[30,0,17,16]],[],[],[],[],[],[[0,0,17,20],[1,0,17,20],[2,0,17,20],[3,0,17,20],[4,0,17,20],[5,0,17,20],[6,0,17,20],[7,0,17,20],[8,0,17,20],[9,0,17,20],[10,0,17,20],[11,0,17,20],[12,0,17,20],[13,0,17,20],[14,0,17,20],[15,0,17,20],[16,0,17,24],[24,0,17,25],[25,0,17,33],[26,0,17,33],[27,0,17,33],[28,0,17,33],[29,0,17,33],[30,0,17,33],[31,0,17,33],[32,0,17,33],[33,0,17,33],[34,0,17,33],[35,0,17,33]],[],[],[[16,0,17,20],[17,0,17,24],[18,0,17,24],[19,0,17,24],[20,0,17,24],[21,0,17,24],[22,0,17,24],[23,0,17,24],[24,0,17,24],[25,0,17,24],[26,0,17,24],[27,0,17,24],[28,0,17,24]],[],[],[],[[8,0,17,20],[9,0,17,24],[10,0,17,24],[11,0,17,24],[12,0,17,24],[13,0,17,24],[14,0,17,24],[15,0,17,24],[16,0,17,24],[17,0,17,24],[18,0,17,24],[19,0,17,24],[20,0,17,24]],[],[],[[12,0,18,12],[13,0,18,17],[14,0,18,17],[15,0,18,17],[16,0,18,17],[17,0,18,17],[18,0,18,17],[19,0,18,17],[20,0,18,17],[21,0,18,17],[22,0,18,17],[23,0,18,17],[24,0,18,17],[25,0,18,17],[26,0,18,17],[27,0,18,17],[28,0,18,17],[29,0,18,17],[30,0,18,17],[31,0,18,17],[32,0,18,17],[33,0,18,17],[34,0,18,17],[35,0,18,17],[36,0,18,17],[37,0,18,17],[38,0,18,17],[39,0,18,17],[40,0,18,17],[41,0,18,17],[42,0,18,17],[43,0,18,17],[44,0,18,17],[45,0,18,17],[46,0,18,17],[47,0,18,17],[48,0,18,17],[49,0,18,17],[50,0,18,17],[51,0,18,17],[52,0,18,17],[53,0,18,17],[54,0,18,17],[55,0,18,17],[56,0,18,17],[57,0,18,17],[58,0,18,17],[59,0,18,17],[60,0,18,17],[61,0,18,17],[62,0,18,17],[63,0,18,17],[64,0,18,17],[65,0,18,17],[66,0,18,17],[67,0,18,17],[68,0,18,17],[69,0,18,17],[70,0,18,17],[71,0,18,17],[72,0,18,17],[73,0,18,17],[74,0,18,17],[75,0,18,17],[76,0,18,17],[77,0,18,17],[78,0,18,17],[79,0,18,17],[80,0,18,17],[81,0,18,17],[82,0,18,17],[83,0,18,17],[84,0,18,17],[85,0,18,17],[86,0,18,17],[87,0,18,17],[88,0,18,17],[89,0,18,17],[90,0,18,17],[91,0,18,17],[92,0,18,17],[93,0,18,17],[94,0,18,17],[95,0,18,17],[96,0,18,17],[97,0,18,17],[98,0,18,17],[99,0,18,17],[100,0,18,17],[101,0,18,17],[102,0,18,17],[103,0,18,17],[104,0,18,17],[105,0,18,17],[106,0,18,17],[107,0,18,17],[108,0,18,17],[109,0,18,17],[110,0,18,17],[111,0,18,17],[112,0,18,17],[113,0,18,17],[114,0,18,17],[115,0,18,17],[116,0,18,17],[117,0,18,17],[118,0,18,17],[119,0,18,17],[120,0,18,17],[121,0,18,17],[122,0,18,17],[123,0,18,17],[124,0,18,17],[125,0,18,17],[126,0,18,17],[127,0,18,17],[128,0,18,17],[129,0,18,17],[130,0,18,17],[131,0,18,17],[132,0,18,17],[133,0,18,17],[134,0,18,17],[135,0,18,17],[136,0,18,17],[137,0,18,17],[138,0,18,17],[139,0,18,17]],[],[[12,0,18,12],[13,0,18,17],[14,0,18,17],[15,0,18,17],[16,0,18,17],[17,0,18,17],[18,0,18,40],[19,0,18,46],[20,0,18,46],[21,0,18,46],[22,0,18,46],[23,0,18,46],[24,0,18,46],[25,0,18,47],[26,0,18,50],[27,0,18,50],[28,0,18,50],[29,0,18,50],[30,0,18,50],[31,0,18,50]],[[12,0,18,12],[13,0,18,17],[14,0,18,17],[15,0,18,17],[16,0,18,17],[17,0,18,17],[18,0,18,52],[19,0,18,57],[20,0,18,57],[21,0,18,57],[22,0,18,57],[23,0,18,57],[24,0,18,58],[25,0,18,61],[26,0,18,61],[27,0,18,61],[28,0,18,61],[29,0,18,61],[30,0,18,61]],[[12,0,18,12],[13,0,18,17],[14,0,18,17],[15,0,18,17],[16,0,18,17],[17,0,18,17],[18,0,18,63],[19,0,18,75],[20,0,18,75],[21,0,18,75],[22,0,18,75],[23,0,18,75],[24,0,18,75],[25,0,18,75],[26,0,18,75],[27,0,18,75],[28,0,18,75],[29,0,18,75],[30,0,18,75],[31,0,18,76],[32,0,18,78],[33,0,18,78],[34,0,18,78],[35,0,18,78],[36,0,18,78]],[],[[16,0,18,12],[17,0,18,17],[18,0,18,17],[19,0,18,17],[20,0,18,17],[21,0,18,17],[22,0,18,17],[23,0,18,17],[24,0,18,17],[25,0,18,17],[26,0,18,17],[27,0,18,17],[28,0,18,17],[29,0,18,17]],[],[],[],[],[],[[0,0,19,12],[1,0,19,12],[2,0,19,12],[3,0,19,12],[4,0,19,12],[5,0,19,12],[6,0,19,12],[7,0,19,12],[8,0,19,12],[9,0,19,12],[10,0,19,12],[11,0,19,12],[12,0,19,12],[13,0,19,12],[14,0,19,12],[15,0,19,12],[16,0,19,16],[24,0,19,17],[25,0,19,31],[26,0,19,31],[27,0,19,31],[28,0,19,31],[29,0,19,31],[30,0,19,31],[31,0,19,31],[32,0,19,31],[33,0,19,31],[34,0,19,31],[35,0,19,31],[36,0,19,31],[37,0,19,31],[38,0,19,31],[39,0,19,31],[40,0,19,31],[41,0,19,31]],[],[],[[16,0,19,12],[17,0,19,16],[18,0,19,16],[19,0,19,16],[20,0,19,16],[21,0,19,16],[22,0,19,16],[23,0,19,16],[24,0,19,16],[25,0,19,16],[26,0,19,16],[27,0,19,16],[28,0,19,16]],[],[],[],[[8,0,19,12],[9,0,19,16],[10,0,19,16],[11,0,19,16],[12,0,19,16],[13,0,19,16],[14,0,19,16],[15,0,19,16],[16,0,19,16],[17,0,19,16],[18,0,19,16],[19,0,19,16],[20,0,19,16]],[],[],[[0,0,20,12],[1,0,20,12],[2,0,20,12],[3,0,20,12],[4,0,20,12],[5,0,20,12],[6,0,20,12],[7,0,20,12],[8,0,20,12],[9,0,20,12],[10,0,20,12],[11,0,20,12],[12,0,20,12],[13,0,20,12],[14,0,20,12],[15,0,20,12],[16,0,20,16],[24,0,20,17],[25,0,20,27],[26,0,20,27],[27,0,20,27],[28,0,20,27],[29,0,20,27],[30,0,20,27],[31,0,20,27],[32,0,20,27],[33,0,20,27],[34,0,20,27],[35,0,20,27],[36,0,20,27],[37,0,20,27]],[],[[0,0,20,12],[1,0,20,12],[2,0,20,12],[3,0,20,12],[4,0,20,12],[5,0,20,12],[6,0,20,12],[7,0,20,12],[8,0,20,12],[9,0,20,12],[10,0,20,12],[11,0,20,12],[12,0,20,12],[13,0,20,12],[14,0,20,12],[15,0,20,12],[16,0,20,16],[17,0,21,15],[18,0,21,15],[19,0,21,15],[20,0,21,15],[21,0,21,15],[22,0,21,15],[23,0,21,15],[24,0,21,15],[25,0,21,15],[26,0,21,24],[27,0,21,25],[28,0,21,25],[29,0,21,25],[30,0,21,25],[31,0,21,25],[32,0,21,30],[33,0,21,31],[34,0,21,37],[35,0,21,37],[36,0,21,37],[37,0,21,37],[38,0,21,37],[39,0,21,37],[40,0,21,37],[41,0,21,37],[42,0,21,37]],[[12,0,20,12],[13,0,20,16],[14,0,20,16],[15,0,20,16],[16,0,20,16],[17,0,22,15],[18,0,22,23],[19,0,22,23],[20,0,22,23],[21,0,22,23],[22,0,22,23],[23,0,22,23],[24,0,22,23],[25,0,22,23],[26,0,22,24],[27,0,22,26],[28,0,22,26],[29,0,22,26],[30,0,22,26],[31,0,22,26]],[[0,0,20,12],[1,0,20,12],[2,0,20,12],[3,0,20,12],[4,0,20,12],[5,0,20,12],[6,0,20,12],[7,0,20,12],[8,0,20,12],[9,0,20,12],[10,0,20,12],[11,0,20,12],[12,0,20,12],[13,0,20,12],[14,0,20,12],[15,0,20,12],[16,0,20,16],[17,0,23,15],[18,0,23,15],[19,0,23,15],[20,0,23,15],[21,0,23,15],[22,0,23,15],[23,0,23,15],[24,0,23,15],[25,0,23,15],[26,0,23,15],[27,0,23,25],[28,0,23,26],[29,0,23,26],[30,0,23,26],[31,0,23,26],[32,0,23,26],[33,0,23,26],[34,0,23,26],[35,0,23,26],[36,0,23,26],[37,0,23,26],[38,0,23,36],[39,0,23,37],[40,0,23,43],[41,0,23,43],[42,0,23,43],[43,0,23,43],[44,0,23,43],[45,0,23,43],[46,0,23,43],[47,0,23,43],[48,0,23,43]],[],[[16,0,20,12],[17,0,20,16],[18,0,20,16],[19,0,20,16],[20,0,20,16],[21,0,20,16],[22,0,20,16],[23,0,20,16],[24,0,20,16],[25,0,20,16],[26,0,20,16],[27,0,20,16],[28,0,20,16]],[],[],[],[[8,0,20,12],[9,0,20,16],[10,0,20,16],[11,0,20,16],[12,0,20,16],[13,0,20,16],[14,0,20,16],[15,0,20,16],[16,0,20,16],[17,0,20,16],[18,0,20,16],[19,0,20,16],[20,0,20,16]],[],[],[[0,0,24,12],[1,0,24,12],[2,0,24,12],[3,0,24,12],[4,0,24,12],[5,0,24,12],[6,0,24,12],[7,0,24,12],[8,0,24,12],[9,0,24,12],[10,0,24,12],[11,0,24,12],[12,0,24,12],[13,0,24,12],[14,0,24,12],[15,0,24,12],[16,0,24,16],[24,0,24,17],[25,0,24,37],[26,0,24,37],[27,0,24,37],[28,0,24,37],[29,0,24,37],[30,0,24,37],[31,0,24,37],[32,0,24,37],[33,0,24,37],[34,0,24,37],[35,0,24,37],[36,0,24,37],[37,0,24,37],[38,0,24,37],[39,0,24,37],[40,0,24,37],[41,0,24,37],[42,0,24,37],[43,0,24,37],[44,0,24,37],[45,0,24,37],[46,0,24,37],[47,0,24,37]],[],[],[[16,0,24,12],[17,0,24,16],[18,0,24,16],[19,0,24,16],[20,0,24,16],[21,0,24,16],[22,0,24,16],[23,0,24,16],[24,0,24,16],[25,0,24,16],[26,0,24,16],[27,0,24,16],[28,0,24,16]],[],[],[],[[8,0,24,12],[9,0,24,16],[10,0,24,16],[11,0,24,16],[12,0,24,16],[13,0,24,16],[14,0,24,16],[15,0,24,16],[16,0,24,16],[17,0,24,16],[18,0,24,16],[19,0,24,16],[20,0,24,16]],[[8,0,17,10],[9,0,17,16],[10,0,17,16],[11,0,17,16],[12,0,17,16],[13,0,17,16],[14,0,17,16],[15,0,17,16],[16,0,17,16],[17,0,17,16],[18,0,17,16],[19,0,17,16],[20,0,17,16],[21,0,17,16],[22,0,17,16]],[[8,0,16,8],[9,0,16,11],[10,0,16,11],[11,0,16,11],[12,0,16,11],[13,0,16,11],[14,0,16,11],[15,0,16,11],[16,0,16,11],[17,0,16,11],[18,0,16,11],[19,0,16,11]],[],[],[[12,0,27,8],[13,0,27,11],[14,0,27,11],[15,0,27,11],[16,0,27,11],[17,0,27,11],[18,0,27,11],[19,0,27,11],[20,0,27,11],[21,0,27,11],[22,0,27,11],[23,0,27,11],[24,0,27,11],[25,0,27,11],[26,0,27,11]],[],[[12,0,27,8],[13,0,27,11],[14,0,27,11],[15,0,27,11],[16,0,30,10],[17,0,30,16],[18,0,30,16],[19,0,30,16],[20,0,30,16],[21,0,30,16],[22,0,30,16],[23,0,30,17],[24,0,30,21],[25,0,30,21],[26,0,30,21],[27,0,30,21],[28,0,30,21],[29,0,30,21],[30,0,30,21]],[],[[16,0,27,8],[17,0,27,11],[18,0,27,11],[19,0,27,11],[20,0,27,11],[21,0,27,11],[22,0,27,11],[23,0,27,11],[24,0,27,11],[25,0,27,11],[26,0,27,11],[27,0,27,11]],[],[],[],[],[],[[0,0,28,10],[1,0,28,10],[2,0,28,10],[3,0,28,10],[4,0,28,10],[5,0,28,10],[6,0,28,10],[7,0,28,10],[8,0,28,10],[9,0,28,10],[10,0,28,10],[11,0,28,10],[12,0,28,10],[13,0,28,10],[14,0,28,10],[15,0,28,10],[16,0,28,14],[24,0,28,15],[25,0,28,20],[26,0,28,20],[27,0,28,20],[28,0,28,20],[29,0,28,20],[30,0,28,20],[31,0,28,20],[32,0,28,20]],[],[],[[16,0,28,10],[17,0,28,14],[18,0,28,14],[19,0,28,14],[20,0,28,14],[21,0,28,14],[22,0,28,14],[23,0,28,14],[24,0,28,14],[25,0,28,14],[26,0,28,14],[27,0,28,14],[28,0,28,14]],[],[],[],[[8,0,28,10],[9,0,28,14],[10,0,28,14],[11,0,28,14],[12,0,28,14],[13,0,28,14],[14,0,28,14],[15,0,28,14],[16,0,28,14],[17,0,28,14],[18,0,28,14],[19,0,28,14],[20,0,28,14]],[],[],[[0,0,29,10],[1,0,29,10],[2,0,29,10],[3,0,29,10],[4,0,29,10],[5,0,29,10],[6,0,29,10],[7,0,29,10],[8,0,29,10],[9,0,29,10],[10,0,29,10],[11,0,29,10],[12,0,29,10],[13,0,29,10],[14,0,29,10],[15,0,29,10],[16,0,29,10],[17,0,29,10],[18,0,29,10],[19,0,29,10],[20,0,29,10],[21,0,29,19],[22,0,29,20],[23,0,29,20],[24,0,29,20],[25,0,29,20],[26,0,29,20],[27,0,29,20],[28,0,29,20],[29,0,29,20],[30,0,29,20],[31,0,29,21],[32,0,29,32],[33,0,29,32],[34,0,29,32],[35,0,29,32],[36,0,29,32],[37,0,29,32],[38,0,29,32],[39,0,29,32],[40,0,29,32],[41,0,29,32],[42,0,29,32],[43,0,29,32],[44,0,29,33],[53,0,29,42],[54,0,29,43],[55,0,29,43],[56,0,29,43],[57,0,29,43],[58,0,29,43]],[],[[12,0,29,10],[13,0,29,19],[14,0,29,19],[15,0,29,19],[16,0,29,19],[17,0,29,19],[18,0,29,19],[19,0,29,19],[20,0,29,19],[21,0,29,19],[22,0,29,45],[23,0,29,50],[24,0,29,50],[25,0,29,50],[26,0,29,50],[27,0,29,50],[28,0,29,51],[29,0,29,54],[30,0,29,54],[31,0,29,54],[32,0,29,54],[33,0,29,54],[34,0,29,54]],[[0,0,29,10],[1,0,29,10],[2,0,29,10],[3,0,29,10],[4,0,29,10],[5,0,29,10],[6,0,29,10],[7,0,29,10],[8,0,29,10],[9,0,29,10],[10,0,29,10],[11,0,29,10],[12,0,29,10],[13,0,29,10],[14,0,29,10],[15,0,29,10],[16,0,29,10],[17,0,29,10],[18,0,29,10],[19,0,29,10],[20,0,29,10],[21,0,29,19],[22,0,29,56],[23,0,29,56],[24,0,29,56],[25,0,29,56],[26,0,29,60],[27,0,29,61],[28,0,29,61],[29,0,29,61],[30,0,29,61],[31,0,29,61],[32,0,29,61],[33,0,29,61],[34,0,29,61],[35,0,29,61],[36,0,29,70],[37,0,29,71],[38,0,29,77],[39,0,29,77],[40,0,29,77],[41,0,29,77],[42,0,29,77],[43,0,29,77],[44,0,29,77],[45,0,29,77],[46,0,29,77]],[],[[16,0,29,10],[17,0,29,19],[18,0,29,19],[19,0,29,19],[20,0,29,19],[21,0,29,19],[22,0,29,19],[23,0,29,19],[24,0,29,19],[25,0,29,19],[26,0,29,19],[27,0,29,19],[28,0,29,19],[29,0,29,19],[30,0,29,19],[31,0,29,19],[32,0,29,19],[33,0,29,19]],[],[],[],[[8,0,27,8],[9,0,27,11],[10,0,27,11],[11,0,27,11],[12,0,27,11],[13,0,27,11],[14,0,27,11],[15,0,27,11],[16,0,27,11],[17,0,27,11],[18,0,27,11],[19,0,27,11]],[],[],[[12,0,31,8],[13,0,31,11],[14,0,31,11],[15,0,31,11],[16,0,31,11],[17,0,31,11],[18,0,31,11],[19,0,31,11],[20,0,31,11],[21,0,31,11],[22,0,31,11],[23,0,31,11],[24,0,31,11],[25,0,31,11],[26,0,31,11]],[],[[12,0,31,8],[13,0,31,11],[14,0,31,11],[15,0,31,11],[16,0,34,10],[17,0,34,16],[18,0,34,16],[19,0,34,16],[20,0,34,16],[21,0,34,16],[22,0,34,16],[23,0,34,17],[24,0,34,22],[25,0,34,22],[26,0,34,22],[27,0,34,22],[28,0,34,22],[29,0,34,22],[30,0,34,22],[31,0,34,22]],[],[[16,0,31,8],[17,0,31,11],[18,0,31,11],[19,0,31,11],[20,0,31,11],[21,0,31,11],[22,0,31,11],[23,0,31,11],[24,0,31,11],[25,0,31,11],[26,0,31,11],[27,0,31,11]],[],[],[],[],[],[[0,0,32,10],[1,0,32,10],[2,0,32,10],[3,0,32,10],[4,0,32,10],[5,0,32,10],[6,0,32,10],[7,0,32,10],[8,0,32,10],[9,0,32,10],[10,0,32,10],[11,0,32,10],[12,0,32,10],[13,0,32,10],[14,0,32,10],[15,0,32,10],[16,0,32,14],[24,0,32,15],[25,0,32,20],[26,0,32,20],[27,0,32,20],[28,0,32,20],[29,0,32,20],[30,0,32,20],[31,0,32,20],[32,0,32,20]],[],[],[[16,0,32,10],[17,0,32,14],[18,0,32,14],[19,0,32,14],[20,0,32,14],[21,0,32,14],[22,0,32,14],[23,0,32,14],[24,0,32,14],[25,0,32,14],[26,0,32,14],[27,0,32,14],[28,0,32,14]],[],[],[],[[8,0,32,10],[9,0,32,14],[10,0,32,14],[11,0,32,14],[12,0,32,14],[13,0,32,14],[14,0,32,14],[15,0,32,14],[16,0,32,14],[17,0,32,14],[18,0,32,14],[19,0,32,14],[20,0,32,14]],[],[],[[0,0,33,10],[1,0,33,10],[2,0,33,10],[3,0,33,10],[4,0,33,10],[5,0,33,10],[6,0,33,10],[7,0,33,10],[8,0,33,10],[9,0,33,10],[10,0,33,10],[11,0,33,10],[12,0,33,10],[13,0,33,10],[14,0,33,10],[15,0,33,10],[16,0,33,10],[17,0,33,10],[18,0,33,10],[19,0,33,10],[20,0,33,10],[21,0,33,19],[22,0,33,20],[23,0,33,20],[24,0,33,20],[25,0,33,20],[26,0,33,20],[27,0,33,20],[28,0,33,20],[29,0,33,20],[30,0,33,20],[31,0,33,21],[32,0,33,32],[33,0,33,32],[34,0,33,32],[35,0,33,32],[36,0,33,32],[37,0,33,32],[38,0,33,32],[39,0,33,32],[40,0,33,32],[41,0,33,32],[42,0,33,32],[43,0,33,32],[44,0,33,33],[54,0,33,43],[55,0,33,44],[56,0,33,44],[57,0,33,44],[58,0,33,44],[59,0,33,44]],[],[[12,0,33,10],[13,0,33,19],[14,0,33,19],[15,0,33,19],[16,0,33,19],[17,0,33,19],[18,0,33,19],[19,0,33,19],[20,0,33,19],[21,0,33,19],[22,0,33,46],[23,0,33,51],[24,0,33,51],[25,0,33,51],[26,0,33,51],[27,0,33,51],[28,0,33,52],[29,0,33,55],[30,0,33,55],[31,0,33,55],[32,0,33,55],[33,0,33,55],[34,0,33,55]],[[0,0,33,10],[1,0,33,10],[2,0,33,10],[3,0,33,10],[4,0,33,10],[5,0,33,10],[6,0,33,10],[7,0,33,10],[8,0,33,10],[9,0,33,10],[10,0,33,10],[11,0,33,10],[12,0,33,10],[13,0,33,10],[14,0,33,10],[15,0,33,10],[16,0,33,10],[17,0,33,10],[18,0,33,10],[19,0,33,10],[20,0,33,10],[21,0,33,19],[22,0,33,57],[23,0,33,57],[24,0,33,57],[25,0,33,57],[26,0,33,61],[27,0,33,62],[28,0,33,62],[29,0,33,62],[30,0,33,62],[31,0,33,62],[32,0,33,62],[33,0,33,62],[34,0,33,62],[35,0,33,62],[36,0,33,71],[37,0,33,72],[38,0,33,80],[39,0,33,80],[40,0,33,80],[41,0,33,80],[42,0,33,80],[43,0,33,80],[44,0,33,80],[45,0,33,80],[46,0,33,80],[47,0,33,80],[48,0,33,80]],[],[[16,0,33,10],[17,0,33,19],[18,0,33,19],[19,0,33,19],[20,0,33,19],[21,0,33,19],[22,0,33,19],[23,0,33,19],[24,0,33,19],[25,0,33,19],[26,0,33,19],[27,0,33,19],[28,0,33,19],[29,0,33,19],[30,0,33,19],[31,0,33,19],[32,0,33,19],[33,0,33,19]],[],[],[],[[8,0,31,8],[9,0,31,11],[10,0,31,11],[11,0,31,11],[12,0,31,11],[13,0,31,11],[14,0,31,11],[15,0,31,11],[16,0,31,11],[17,0,31,11],[18,0,31,11],[19,0,31,11]],[],[],[[12,0,35,8],[13,0,35,11],[14,0,35,11],[15,0,35,11],[16,0,35,11],[17,0,35,11],[18,0,35,11],[19,0,35,11],[20,0,35,11],[21,0,35,11],[22,0,35,11],[23,0,35,11],[24,0,35,11],[25,0,35,11],[26,0,35,11]],[],[[12,0,35,8],[13,0,35,11],[14,0,35,11],[15,0,35,11],[16,0,39,10],[17,0,39,16],[18,0,39,16],[19,0,39,16],[20,0,39,16],[21,0,39,16],[22,0,39,16],[23,0,39,17],[24,0,39,22],[25,0,39,22],[26,0,39,22],[27,0,39,22],[28,0,39,22],[29,0,39,22],[30,0,39,22],[31,0,39,22]],[],[[16,0,35,8],[17,0,35,11],[18,0,35,11],[19,0,35,11],[20,0,35,11],[21,0,35,11],[22,0,35,11],[23,0,35,11],[24,0,35,11],[25,0,35,11],[26,0,35,11],[27,0,35,11]],[],[],[],[],[],[[12,0,36,10],[13,0,36,16],[14,0,36,16],[15,0,36,16],[16,0,36,16],[17,0,36,16],[18,0,36,16],[19,0,36,16],[20,0,36,16],[21,0,36,16],[22,0,36,16],[23,0,36,16],[24,0,36,16],[25,0,36,16],[26,0,36,17],[27,0,36,19],[28,0,36,19],[29,0,36,19],[30,0,36,19],[31,0,36,19],[32,0,36,23],[33,0,36,25],[34,0,36,25],[35,0,36,25],[36,0,36,25],[37,0,36,25],[38,0,36,25],[39,0,36,25],[40,0,36,25],[41,0,36,25],[42,0,36,25],[43,0,36,25],[44,0,36,35],[45,0,36,36],[46,0,36,36],[47,0,36,36],[48,0,36,36],[49,0,36,36],[50,0,36,36],[51,0,36,36],[52,0,36,36],[53,0,36,44],[54,0,36,46],[55,0,36,46],[56,0,36,46],[57,0,36,46],[58,0,36,46],[59,0,36,50],[60,0,36,52],[61,0,36,52],[62,0,36,52],[63,0,36,52],[64,0,36,52],[65,0,36,52],[66,0,36,57],[67,0,36,59],[68,0,36,59],[69,0,36,59],[70,0,36,59],[71,0,36,59]],[],[[0,0,36,10],[1,0,36,10],[2,0,36,10],[3,0,36,10],[4,0,36,10],[5,0,36,10],[6,0,36,10],[7,0,36,10],[8,0,36,10],[9,0,36,10],[10,0,36,10],[11,0,36,10],[12,0,36,10],[13,0,36,10],[14,0,36,10],[15,0,36,10],[16,0,36,10],[17,0,36,10],[18,0,36,16],[19,0,37,13],[20,0,37,13],[21,0,37,13],[22,0,37,13],[23,0,37,13],[24,0,37,13],[25,0,37,13],[26,0,37,13],[27,0,37,13],[28,0,37,13],[29,0,37,13],[30,0,37,13],[31,0,37,13],[32,0,37,26],[33,0,37,27],[34,0,37,27],[35,0,37,27],[36,0,37,27],[37,0,37,27],[38,0,37,32],[39,0,37,33],[40,0,37,39],[41,0,37,39],[42,0,37,39],[43,0,37,39],[44,0,37,39],[45,0,37,39],[46,0,37,39],[47,0,37,39],[48,0,37,39]],[],[[16,0,36,10],[17,0,36,16],[18,0,36,16],[19,0,36,16],[20,0,36,16],[21,0,36,16],[22,0,36,16],[23,0,36,16],[24,0,36,16],[25,0,36,16],[26,0,36,16],[27,0,36,16],[28,0,36,16],[29,0,36,16],[30,0,36,16]],[],[],[],[[8,0,36,10],[9,0,36,16],[10,0,36,16],[11,0,36,16],[12,0,36,16],[13,0,36,16],[14,0,36,16],[15,0,36,16],[16,0,36,16],[17,0,36,16],[18,0,36,16],[19,0,36,16],[20,0,36,16],[21,0,36,16],[22,0,36,16]],[],[],[[0,0,38,10],[1,0,38,10],[2,0,38,10],[3,0,38,10],[4,0,38,10],[5,0,38,10],[6,0,38,10],[7,0,38,10],[8,0,38,10],[9,0,38,10],[10,0,38,10],[11,0,38,10],[12,0,38,10],[13,0,38,10],[14,0,38,10],[15,0,38,10],[16,0,38,14],[24,0,38,15],[25,0,38,39],[26,0,38,39],[27,0,38,39],[28,0,38,39],[29,0,38,39],[30,0,38,39],[31,0,38,39],[32,0,38,39],[33,0,38,39],[34,0,38,39],[35,0,38,39],[36,0,38,39],[37,0,38,39],[38,0,38,39],[39,0,38,39],[40,0,38,39],[41,0,38,39],[42,0,38,39],[43,0,38,39],[44,0,38,39],[45,0,38,39],[46,0,38,39],[47,0,38,39],[48,0,38,39],[49,0,38,39],[50,0,38,39],[51,0,38,39]],[],[[12,0,38,10],[13,0,38,14],[14,0,38,14],[15,0,38,14],[16,0,38,14],[17,0,38,41],[18,0,38,49],[19,0,38,49],[20,0,38,49],[21,0,38,49],[22,0,38,49],[23,0,38,49],[24,0,38,49],[25,0,38,49],[26,0,38,50],[27,0,38,52],[28,0,38,52],[29,0,38,52],[30,0,38,52],[31,0,38,52]],[],[[16,0,38,10],[17,0,38,14],[18,0,38,14],[19,0,38,14],[20,0,38,14],[21,0,38,14],[22,0,38,14],[23,0,38,14],[24,0,38,14],[25,0,38,14],[26,0,38,14],[27,0,38,14],[28,0,38,14]],[],[],[],[[8,0,38,10],[9,0,38,14],[10,0,38,14],[11,0,38,14],[12,0,38,14],[13,0,38,14],[14,0,38,14],[15,0,38,14],[16,0,38,14],[17,0,38,14],[18,0,38,14],[19,0,38,14],[20,0,38,14]],[[8,0,35,8],[9,0,35,11],[10,0,35,11],[11,0,35,11],[12,0,35,11],[13,0,35,11],[14,0,35,11],[15,0,35,11],[16,0,35,11],[17,0,35,11],[18,0,35,11],[19,0,35,11]],[],[],[[12,0,40,8],[13,0,40,11],[14,0,40,11],[15,0,40,11],[16,0,40,11],[17,0,40,11],[18,0,40,11],[19,0,40,11],[20,0,40,11],[21,0,40,11],[22,0,40,11],[23,0,40,11],[24,0,40,11],[25,0,40,11],[26,0,40,11]],[],[[12,0,40,8],[13,0,40,11],[14,0,40,11],[15,0,40,11],[16,0,54,10],[17,0,54,16],[18,0,54,16],[19,0,54,16],[20,0,54,16],[21,0,54,16],[22,0,54,16],[23,0,54,17],[24,0,54,22],[25,0,54,22],[26,0,54,22],[27,0,54,22],[28,0,54,22],[29,0,54,22],[30,0,54,22],[31,0,54,22]],[],[[16,0,40,8],[17,0,40,11],[18,0,40,11],[19,0,40,11],[20,0,40,11],[21,0,40,11],[22,0,40,11],[23,0,40,11],[24,0,40,11],[25,0,40,11],[26,0,40,11],[27,0,40,11]],[],[],[],[],[],[[0,0,42,10],[1,0,42,10],[2,0,42,10],[3,0,42,10],[4,0,42,10],[5,0,42,10],[6,0,42,10],[7,0,42,10],[8,0,42,10],[9,0,42,10],[10,0,42,10],[11,0,42,10],[12,0,42,10],[13,0,42,10],[14,0,42,10],[15,0,42,10],[16,0,42,10],[17,0,42,10],[18,0,42,16],[19,0,42,17],[20,0,42,17],[21,0,42,17],[22,0,42,17],[23,0,42,17],[24,0,42,17],[25,0,42,17],[26,0,42,17],[27,0,42,17],[28,0,42,17],[29,0,42,17],[30,0,42,17],[31,0,42,17],[32,0,42,17],[33,0,42,17],[34,0,42,17],[35,0,42,17],[36,0,42,17],[37,0,42,17],[38,0,42,17],[39,0,42,21],[40,0,42,23],[41,0,42,23],[42,0,42,23],[43,0,42,25],[44,0,42,29],[45,0,42,29],[46,0,42,29],[47,0,42,29],[48,0,42,29],[49,0,42,31],[50,0,42,41],[51,0,42,41],[52,0,42,41],[53,0,42,41],[54,0,42,41],[55,0,42,41],[56,0,42,41],[57,0,42,41],[58,0,42,41],[59,0,42,41],[60,0,42,42],[61,0,42,48],[62,0,42,48],[63,0,42,48],[64,0,42,48],[65,0,42,48],[66,0,42,48],[67,0,42,48],[68,0,42,50],[69,0,42,61],[70,0,42,61],[71,0,42,61],[72,0,42,61],[73,0,42,61],[74,0,42,61],[75,0,42,61],[76,0,42,61],[77,0,42,61],[78,0,42,61],[79,0,42,61],[80,0,42,61],[81,0,42,63],[85,0,42,67],[86,0,42,69],[87,0,42,69],[88,0,42,69],[89,0,42,69],[90,0,42,69]],[],[[12,0,42,10],[13,0,42,16],[14,0,42,16],[15,0,42,16],[16,0,42,16],[17,0,42,16],[18,0,42,16],[19,0,43,13],[20,0,43,25],[21,0,43,25],[22,0,43,25],[23,0,43,25],[24,0,43,25],[25,0,43,25],[26,0,43,25],[27,0,43,25],[28,0,43,25],[29,0,43,25],[30,0,43,25],[31,0,43,25],[32,0,43,26],[33,0,43,28],[34,0,43,28],[35,0,43,28],[36,0,43,28],[37,0,43,28]],[[0,0,42,10],[1,0,42,10],[2,0,42,10],[3,0,42,10],[4,0,42,10],[5,0,42,10],[6,0,42,10],[7,0,42,10],[8,0,42,10],[9,0,42,10],[10,0,42,10],[11,0,42,10],[12,0,42,10],[13,0,42,10],[14,0,42,10],[15,0,42,10],[16,0,42,10],[17,0,42,10],[18,0,42,16],[19,0,44,13],[20,0,44,13],[21,0,44,13],[22,0,44,13],[23,0,44,13],[24,0,44,13],[25,0,44,13],[26,0,44,13],[27,0,44,13],[28,0,44,13],[29,0,44,13],[30,0,44,13],[31,0,44,13],[32,0,44,13],[33,0,44,13],[34,0,44,28],[35,0,44,29],[36,0,44,29],[37,0,44,29],[38,0,44,29],[39,0,44,29],[40,0,44,34],[41,0,44,35],[42,0,44,41],[43,0,44,41],[44,0,44,41],[45,0,44,41],[46,0,44,41],[47,0,44,41],[48,0,44,41],[49,0,44,41],[50,0,44,41]],[[12,0,42,10],[13,0,42,16],[14,0,42,16],[15,0,42,16],[16,0,42,16],[17,0,42,16],[18,0,42,16],[19,0,45,13],[20,0,45,18],[21,0,45,18],[22,0,45,18],[23,0,45,18],[24,0,45,18],[25,0,45,19],[26,0,45,22],[27,0,45,22],[28,0,45,22],[29,0,45,22],[30,0,45,22],[31,0,45,22]],[[0,0,42,10],[1,0,42,10],[2,0,42,10],[3,0,42,10],[4,0,42,10],[5,0,42,10],[6,0,42,10],[7,0,42,10],[8,0,42,10],[9,0,42,10],[10,0,42,10],[11,0,42,10],[12,0,42,10],[13,0,42,10],[14,0,42,10],[15,0,42,10],[16,0,42,10],[17,0,42,10],[18,0,42,16],[19,0,46,13],[20,0,46,20],[21,0,46,20],[22,0,46,20],[23,0,46,20],[24,0,46,20],[25,0,46,20],[26,0,46,20],[27,0,46,21],[30,0,46,23],[31,0,46,25],[32,0,46,25],[33,0,46,25],[34,0,46,25],[35,0,46,26],[41,0,46,32],[42,0,46,33],[43,0,46,33],[44,0,46,33],[45,0,46,33],[46,0,46,33],[47,0,46,33],[48,0,46,33],[49,0,46,40],[50,0,46,41],[51,0,46,41],[52,0,46,42],[55,0,46,45],[56,0,46,46],[57,0,46,46],[58,0,46,46],[59,0,46,46],[60,0,46,46],[61,0,46,46],[62,0,46,46],[63,0,46,46],[64,0,46,46],[65,0,46,46],[66,0,46,46],[67,0,46,46],[68,0,46,46],[69,0,46,46],[70,0,46,59],[72,0,46,60],[73,0,46,61],[74,0,46,61],[75,0,46,61],[76,0,46,62],[77,0,46,62],[78,0,46,62],[79,0,46,62]],[],[[16,0,42,10],[17,0,42,16],[18,0,42,16],[19,0,42,16],[20,0,42,16],[21,0,42,16],[22,0,42,16],[23,0,42,16],[24,0,42,16],[25,0,42,16],[26,0,42,16],[27,0,42,16],[28,0,42,16],[29,0,42,16],[30,0,42,16]],[],[],[],[[8,0,42,10],[9,0,42,16],[10,0,42,16],[11,0,42,16],[12,0,42,16],[13,0,42,16],[14,0,42,16],[15,0,42,16],[16,0,42,16],[17,0,42,16],[18,0,42,16],[19,0,42,16],[20,0,42,16],[21,0,42,16],[22,0,42,16]],[],[],[[0,0,47,10],[1,0,47,10],[2,0,47,10],[3,0,47,10],[4,0,47,10],[5,0,47,10],[6,0,47,10],[7,0,47,10],[8,0,47,10],[9,0,47,10],[10,0,47,10],[11,0,47,10],[12,0,47,10],[13,0,47,10],[14,0,47,10],[15,0,47,10],[16,0,47,14],[24,0,47,15],[25,0,47,29],[26,0,47,29],[27,0,47,29],[28,0,47,29],[29,0,47,29],[30,0,47,29],[31,0,47,29],[32,0,47,29],[33,0,47,29],[34,0,47,29],[35,0,47,29],[36,0,47,29],[37,0,47,29],[38,0,47,29],[39,0,47,29],[40,0,47,29],[41,0,47,29]],[],[],[[16,0,47,10],[17,0,47,14],[18,0,47,14],[19,0,47,14],[20,0,47,14],[21,0,47,14],[22,0,47,14],[23,0,47,14],[24,0,47,14],[25,0,47,14],[26,0,47,14],[27,0,47,14],[28,0,47,14]],[],[],[],[[8,0,47,10],[9,0,47,14],[10,0,47,14],[11,0,47,14],[12,0,47,14],[13,0,47,14],[14,0,47,14],[15,0,47,14],[16,0,47,14],[17,0,47,14],[18,0,47,14],[19,0,47,14],[20,0,47,14]],[],[],[[0,0,48,10],[1,0,48,10],[2,0,48,10],[3,0,48,10],[4,0,48,10],[5,0,48,10],[6,0,48,10],[7,0,48,10],[8,0,48,10],[9,0,48,10],[10,0,48,10],[11,0,48,10],[12,0,48,10],[13,0,48,10],[14,0,48,10],[15,0,48,10],[16,0,48,10],[17,0,48,10],[18,0,48,16],[19,0,48,17],[20,0,48,17],[21,0,48,17],[22,0,48,17],[23,0,48,17],[24,0,48,17],[25,0,48,17],[26,0,48,17],[27,0,48,17],[28,0,48,17],[29,0,48,17],[30,0,48,17],[31,0,48,17],[32,0,48,17],[33,0,48,17],[34,0,48,17],[35,0,48,17],[36,0,48,17],[37,0,48,17],[38,0,48,17],[39,0,48,21],[40,0,48,23],[41,0,48,23],[42,0,48,23],[43,0,48,25],[44,0,48,29],[45,0,48,29],[46,0,48,29],[47,0,48,29],[48,0,48,29],[49,0,48,31],[50,0,48,41],[51,0,48,41],[52,0,48,41],[53,0,48,41],[54,0,48,41],[55,0,48,41],[56,0,48,41],[57,0,48,41],[58,0,48,41],[59,0,48,41],[60,0,48,42],[61,0,48,48],[62,0,48,48],[63,0,48,48],[64,0,48,48],[65,0,48,48],[66,0,48,48],[67,0,48,48],[68,0,48,50],[69,0,48,61],[70,0,48,61],[71,0,48,61],[72,0,48,61],[73,0,48,61],[74,0,48,61],[75,0,48,61],[76,0,48,61],[77,0,48,61],[78,0,48,61],[79,0,48,61],[80,0,48,61],[81,0,48,63],[85,0,48,67],[86,0,48,69],[87,0,48,69],[88,0,48,69],[89,0,48,69],[90,0,48,69]],[],[[12,0,48,10],[13,0,48,16],[14,0,48,16],[15,0,48,16],[16,0,48,16],[17,0,48,16],[18,0,48,16],[19,0,49,13],[20,0,49,25],[21,0,49,25],[22,0,49,25],[23,0,49,25],[24,0,49,25],[25,0,49,25],[26,0,49,25],[27,0,49,25],[28,0,49,25],[29,0,49,25],[30,0,49,25],[31,0,49,25],[32,0,49,26],[33,0,49,28],[34,0,49,28],[35,0,49,28],[36,0,49,28],[37,0,49,28]],[[0,0,48,10],[1,0,48,10],[2,0,48,10],[3,0,48,10],[4,0,48,10],[5,0,48,10],[6,0,48,10],[7,0,48,10],[8,0,48,10],[9,0,48,10],[10,0,48,10],[11,0,48,10],[12,0,48,10],[13,0,48,10],[14,0,48,10],[15,0,48,10],[16,0,48,10],[17,0,48,10],[18,0,48,16],[19,0,50,13],[20,0,50,13],[21,0,50,13],[22,0,50,13],[23,0,50,13],[24,0,50,13],[25,0,50,13],[26,0,50,13],[27,0,50,13],[28,0,50,13],[29,0,50,13],[30,0,50,13],[31,0,50,13],[32,0,50,13],[33,0,50,13],[34,0,50,28],[35,0,50,29],[36,0,50,29],[37,0,50,29],[38,0,50,29],[39,0,50,29],[40,0,50,34],[41,0,50,35],[42,0,50,41],[43,0,50,41],[44,0,50,41],[45,0,50,41],[46,0,50,41],[47,0,50,41],[48,0,50,41],[49,0,50,41],[50,0,50,41]],[[0,0,48,10],[1,0,48,10],[2,0,48,10],[3,0,48,10],[4,0,48,10],[5,0,48,10],[6,0,48,10],[7,0,48,10],[8,0,48,10],[9,0,48,10],[10,0,48,10],[11,0,48,10],[12,0,48,10],[13,0,48,10],[14,0,48,10],[15,0,48,10],[16,0,48,10],[17,0,48,10],[18,0,48,16],[19,0,51,13],[20,0,51,13],[21,0,51,13],[22,0,51,13],[23,0,51,13],[24,0,51,13],[25,0,51,13],[26,0,51,13],[27,0,51,13],[28,0,51,22],[29,0,51,23],[30,0,51,23],[31,0,51,23],[32,0,51,23],[33,0,51,23],[34,0,51,28],[35,0,51,29],[36,0,51,35],[37,0,51,35],[38,0,51,35],[39,0,51,35],[40,0,51,35],[41,0,51,35],[42,0,51,35],[43,0,51,35],[44,0,51,35]],[[12,0,48,10],[13,0,48,16],[14,0,48,16],[15,0,48,16],[16,0,48,16],[17,0,48,16],[18,0,48,16],[19,0,52,13],[20,0,52,18],[21,0,52,18],[22,0,52,18],[23,0,52,18],[24,0,52,18],[25,0,52,19],[26,0,52,22],[27,0,52,22],[28,0,52,22],[29,0,52,22],[30,0,52,22],[31,0,52,22]],[[0,0,48,10],[1,0,48,10],[2,0,48,10],[3,0,48,10],[4,0,48,10],[5,0,48,10],[6,0,48,10],[7,0,48,10],[8,0,48,10],[9,0,48,10],[10,0,48,10],[11,0,48,10],[12,0,48,10],[13,0,48,10],[14,0,48,10],[15,0,48,10],[16,0,48,10],[17,0,48,10],[18,0,48,16],[19,0,53,13],[20,0,53,20],[21,0,53,20],[22,0,53,20],[23,0,53,20],[24,0,53,20],[25,0,53,20],[26,0,53,20],[27,0,53,21],[30,0,53,23],[31,0,53,25],[32,0,53,25],[33,0,53,25],[34,0,53,25],[35,0,53,26],[41,0,53,32],[42,0,53,33],[43,0,53,33],[44,0,53,33],[45,0,53,33],[46,0,53,33],[47,0,53,33],[48,0,53,33],[49,0,53,40],[50,0,53,41],[51,0,53,41],[52,0,53,42],[55,0,53,45],[56,0,53,46],[57,0,53,46],[58,0,53,46],[59,0,53,46],[60,0,53,46],[61,0,53,46],[62,0,53,46],[63,0,53,46],[64,0,53,46],[65,0,53,46],[66,0,53,46],[67,0,53,46],[68,0,53,46],[69,0,53,46],[70,0,53,46],[71,0,53,46],[72,0,53,46],[73,0,53,62],[75,0,53,63],[76,0,53,64],[77,0,53,64],[78,0,53,64],[79,0,53,65],[80,0,53,65],[81,0,53,65],[82,0,53,65]],[],[[16,0,48,10],[17,0,48,16],[18,0,48,16],[19,0,48,16],[20,0,48,16],[21,0,48,16],[22,0,48,16],[23,0,48,16],[24,0,48,16],[25,0,48,16],[26,0,48,16],[27,0,48,16],[28,0,48,16],[29,0,48,16],[30,0,48,16]],[],[],[],[[8,0,48,10],[9,0,48,16],[10,0,48,16],[11,0,48,16],[12,0,48,16],[13,0,48,16],[14,0,48,16],[15,0,48,16],[16,0,48,16],[17,0,48,16],[18,0,48,16],[19,0,48,16],[20,0,48,16],[21,0,48,16],[22,0,48,16]],[[8,0,40,8],[9,0,40,11],[10,0,40,11],[11,0,40,11],[12,0,40,11],[13,0,40,11],[14,0,40,11],[15,0,40,11],[16,0,40,11],[17,0,40,11],[18,0,40,11],[19,0,40,11]],[],[],[[12,0,55,8],[13,0,55,11],[14,0,55,11],[15,0,55,11],[16,0,55,11],[17,0,55,11],[18,0,55,11],[19,0,55,11],[20,0,55,11],[21,0,55,11],[22,0,55,11],[23,0,55,11],[24,0,55,11],[25,0,55,11],[26,0,55,11]],[],[[12,0,55,8],[13,0,55,11],[14,0,55,11],[15,0,55,11],[16,0,58,10],[17,0,58,16],[18,0,58,16],[19,0,58,16],[20,0,58,16],[21,0,58,16],[22,0,58,16],[23,0,58,17],[24,0,58,21],[25,0,58,21],[26,0,58,21],[27,0,58,21],[28,0,58,21],[29,0,58,21],[30,0,58,21]],[],[[16,0,55,8],[17,0,55,11],[18,0,55,11],[19,0,55,11],[20,0,55,11],[21,0,55,11],[22,0,55,11],[23,0,55,11],[24,0,55,11],[25,0,55,11],[26,0,55,11],[27,0,55,11]],[],[],[],[],[],[[0,0,56,10],[1,0,56,10],[2,0,56,10],[3,0,56,10],[4,0,56,10],[5,0,56,10],[6,0,56,10],[7,0,56,10],[8,0,56,10],[9,0,56,10],[10,0,56,10],[11,0,56,10],[12,0,56,10],[13,0,56,10],[14,0,56,10],[15,0,56,10],[16,0,56,14],[24,0,56,15],[25,0,56,22],[26,0,56,22],[27,0,56,22],[28,0,56,22],[29,0,56,22],[30,0,56,22],[31,0,56,22],[32,0,56,22],[33,0,56,22],[34,0,56,22]],[],[[12,0,56,10],[13,0,56,14],[14,0,56,14],[15,0,56,14],[16,0,56,14],[17,0,56,24],[18,0,56,32],[19,0,56,32],[20,0,56,32],[21,0,56,32],[22,0,56,32],[23,0,56,32],[24,0,56,32],[25,0,56,32],[26,0,56,33],[27,0,56,35],[28,0,56,35],[29,0,56,35],[30,0,56,35],[31,0,56,35]],[],[[16,0,56,10],[17,0,56,14],[18,0,56,14],[19,0,56,14],[20,0,56,14],[21,0,56,14],[22,0,56,14],[23,0,56,14],[24,0,56,14],[25,0,56,14],[26,0,56,14],[27,0,56,14],[28,0,56,14]],[],[],[],[[8,0,56,10],[9,0,56,14],[10,0,56,14],[11,0,56,14],[12,0,56,14],[13,0,56,14],[14,0,56,14],[15,0,56,14],[16,0,56,14],[17,0,56,14],[18,0,56,14],[19,0,56,14],[20,0,56,14]],[],[],[[0,0,57,10],[1,0,57,10],[2,0,57,10],[3,0,57,10],[4,0,57,10],[5,0,57,10],[6,0,57,10],[7,0,57,10],[8,0,57,10],[9,0,57,10],[10,0,57,10],[11,0,57,10],[12,0,57,10],[13,0,57,10],[14,0,57,10],[15,0,57,10],[16,0,57,14],[24,0,57,15],[25,0,57,23],[26,0,57,23],[27,0,57,23],[28,0,57,23],[29,0,57,23],[30,0,57,23],[31,0,57,23],[32,0,57,23],[33,0,57,23],[34,0,57,23],[35,0,57,23]],[],[[12,0,57,10],[13,0,57,14],[14,0,57,14],[15,0,57,14],[16,0,57,14],[17,0,57,25],[18,0,57,33],[19,0,57,33],[20,0,57,33],[21,0,57,33],[22,0,57,33],[23,0,57,33],[24,0,57,33],[25,0,57,33],[26,0,57,34],[27,0,57,36],[28,0,57,36],[29,0,57,36],[30,0,57,36],[31,0,57,36]],[],[[16,0,57,10],[17,0,57,14],[18,0,57,14],[19,0,57,14],[20,0,57,14],[21,0,57,14],[22,0,57,14],[23,0,57,14],[24,0,57,14],[25,0,57,14],[26,0,57,14],[27,0,57,14],[28,0,57,14]],[],[],[],[[8,0,57,10],[9,0,57,14],[10,0,57,14],[11,0,57,14],[12,0,57,14],[13,0,57,14],[14,0,57,14],[15,0,57,14],[16,0,57,14],[17,0,57,14],[18,0,57,14],[19,0,57,14],[20,0,57,14]],[[8,0,55,8],[9,0,55,11],[10,0,55,11],[11,0,55,11],[12,0,55,11],[13,0,55,11],[14,0,55,11],[15,0,55,11],[16,0,55,11],[17,0,55,11],[18,0,55,11],[19,0,55,11]],[[8,0,7,6],[9,0,7,12],[10,0,7,12],[11,0,7,12],[12,0,7,12],[13,0,7,12],[14,0,7,12],[15,0,7,12],[16,0,7,12],[17,0,7,12],[18,0,7,12],[19,0,7,12],[20,0,7,12],[21,0,7,12],[22,0,7,12]],[[8,0,6,4],[9,0,6,7],[10,0,6,7],[11,0,6,7],[12,0,6,7],[13,0,6,7],[14,0,6,7],[15,0,6,7],[16,0,6,7],[17,0,6,7],[18,0,6,7],[19,0,6,7]],[[0,0,61,3],[1,0,61,3],[2,0,61,3],[3,0,61,3],[4,0,61,3],[5,0,61,3],[6,0,61,3]],[],[],[],[],[],[],[],[]],"names":[],"sources":["B:\\yaoyao\\MyApplication3\\entry\\src\\main\\ets\\pages\\Index.ets"],"sourcesContent":["import router from '@ohos.router';\n@Entry\n@Component\nstruct Index {\n  scroller: Scroller = new Scroller();\n  build() {\n    Row() {\n      Column() {\n        Row() {\n          Column()  {\n            Text('添加一个账号')\n              .fontSize(30)\n              .fontColor(Color.White)\n              .fontWeight(FontWeight.Normal)\n          }.width('100%')\n        }.backgroundColor(Color.Orange).height('10%')\n        Row() {\n          Column() {Text('\\n\\n\\n')\n            Image($r('app.media.icon')).height(250).width(250).borderRadius(15)\n            Text('\\n\\n\\n\\n\\n\\n')\n            Text('  欢迎登录  ')\n              .fontColor(Color.Orange)\n              .fontSize(30)\n              .fontWeight(FontWeight.Normal)\n            Text('\\n\\n\\n\\n\\n\\n\\n\\n\\n')\n          }\n        }.backgroundColor(Color.White).height('50%')\n        Row() {\n          Text('账号：')\n          TextInput({placeholder:'Account'}).width(260).type(InputType.Normal)\n        }.height('5%')\n        Row() {\n          Text('密码：')\n          TextInput({placeholder:'Password'}).width(260).type(InputType.Password)\n        }.height('10%')\n        Row() {\n          Toggle({ type: ToggleType.Checkbox, isOn: false })\n            .selectedColor(Color.Orange)\n          Text('我已阅读并同意《用户协议》和《隐私保护指引》').fontSize(13)\n        }.height('10%')\n        Row()\n        {\n          Button('登录', { type: ButtonType.Normal, stateEffect: true })\n            .borderRadius(10)\n            .backgroundColor(Color.Orange)\n            .width(100)\n            .onClick(()=>{router.pushUrl({url:'pages/Index'})})\n          Text('            ')\n          Button('注册', { type: ButtonType.Normal, stateEffect: true })\n            .borderRadius(10)\n            .backgroundColor(Color.Yellow)\n            .fontColor(Color.Orange)\n            .width(100)\n            .onClick(()=>{router.pushUrl({url:'pages/register'})})\n        }.height('10%')\n        Row() {\n          Text('手机号登录').fontSize(13)\n          Text('其他方式登录').fontSize(13)\n        }.height('5%')\n      }\n    }\n  }\n}"]},"resolvedIds":{"@ohos.router":{"assertions":{},"external":false,"id":"\u0000rollup_plugin_ignore_empty_module_placeholder","meta":{},"moduleSideEffects":true,"resolvedBy":"ignorePlugin","syntheticNamedExports":false}},"sourcemapChain":[],"syntheticNamedExports":false,"transformDependencies":[],"cacheAst":{"dynamicImportCache":[],"exportAllDeclarationCache":[],"exportNamedDeclarationCache":[],"importCache":[{"type":"ImportDeclaration","start":0,"end":34,"specifiers":[{"type":"ImportDefaultSpecifier","start":7,"end":13,"local":{"type":"Identifier","start":7,"end":13,"name":"router"}}],"source":{"type":"Literal","start":19,"end":33,"value":"@ohos.router","raw":"'@ohos.router'"}}]}},{"assertions":{},"code":"export default {}","customTransformCache":false,"dependencies":[],"id":"\u0000rollup_plugin_ignore_empty_module_placeholder","meta":{"hostModulesInfo":[{"hostDependencyName":"@ohos.app.ability.UIAbility","hostModuleName":"entry"},{"hostDependencyName":"@ohos.hilog","hostModuleName":"entry"},{"hostDependencyName":"@ohos.router","hostModuleName":"entry"}]},"moduleSideEffects":true,"originalCode":"export default {}","originalSourcemap":null,"resolvedIds":{},"sourcemapChain":[{"version":3,"file":null,"sources":[null],"sourcesContent":[null],"names":[],"mappings":[[[0,0,0,0],[1,0,0,1],[2,0,0,2],[3,0,0,3],[4,0,0,4],[5,0,0,5],[6,0,0,6],[7,0,0,7],[8,0,0,8],[9,0,0,9],[10,0,0,10],[11,0,0,11],[12,0,0,12],[13,0,0,13],[14,0,0,14],[15,0,0,15],[16,0,0,16]]]}],"syntheticNamedExports":false,"transformDependencies":[],"cacheAst":{"dynamicImportCache":[],"exportAllDeclarationCache":[],"exportNamedDeclarationCache":[],"importCache":[]}}],"plugins":{"watchChangedFiles":{"watchChangedFilesCache":[0,"watchChangedFiles"],"watchModifiedFiles":[0,["B:\\yaoyao\\MyApplication3\\entry\\src\\main\\ets\\pages\\Index.ets","B:\\yaoyao\\MyApplication3\\entry\\src\\main\\ets\\pages\\Index.ets","B:\\yaoyao\\MyApplication3\\entry\\src\\main\\ets\\pages\\Index.ets","B:\\yaoyao\\MyApplication3\\entry\\src\\main\\ets\\pages\\Index.ets"]]},"etsTransform":{"disableCacheOptions":[0,{"bundleName":"com.example.myapplication","entryModuleName":"entry","runtimeOS":"HarmonyOS","resourceTableHash":"5b62f8a5e9887c9765f8d9e82af78422","etsLoaderVersion":"3.2.12.5"}],"fileCacheInfo":[1,{"B:\\yaoyao\\MyApplication3\\entry\\src\\main\\ets\\pages\\Index.ets":{"hasEntry":true}}]},"buildInstrument":{"needCoverageInsert":[0,false]},"genAbc":{"is_cache_invalid":[1,false],"ark_compiler_meta_info":[0,"9:9:HarmonyOS:B:\\yaoyao\\openharmony\\9\\ets\\build-tools\\ets-loader:3.2.12.5:Release:com.example.myapplication:1043bfc77febe75fafec0c4309faccf1:null_aotCompileMode:null_apPath"]},"commonjs--resolver":{},"previewResourceWatcherPlugin":{},"copy":{},"commonPlugin":{},"invalidCachePlugin":{},"oh-resolve":{},"moduleInfoMetaPlugin":{},"commonjs":{},"json":{},"ignorePlugin":{},"wrapperChunkPlugin":{},"waitAsyncPlugin":{},"etsChecker":{},"visualTransform":{},"apiTransform":{}}}