{"B:\\yaoyao\\MyApplication3\\AppScope\\app.json5":{"hashValue":"0c12807746bd1a4f795368761d757ee2","name":"app.json5","path":"B:\\yaoyao\\MyApplication3\\AppScope\\app.json5","type":"file","isSymbolicLink":false,"fileMetaData":{"size":220,"lastModifiedTime":1703511092722}},"B:\\yaoyao\\MyApplication3\\entry\\src\\main\\module.json5":{"hashValue":"fe3ae89e4538982051b15f5a0605452e","name":"module.json5","path":"B:\\yaoyao\\MyApplication3\\entry\\src\\main\\module.json5","type":"file","isSymbolicLink":false,"fileMetaData":{"size":934,"lastModifiedTime":1703511092943}},"B:\\yaoyao\\MyApplication3\\entry\\.preview\\default\\intermediates\\merge_profile\\default\\module.json":{"hashValue":"a7694d3712b20e9c63220112d5d262c4","name":"module.json","path":"B:\\yaoyao\\MyApplication3\\entry\\.preview\\default\\intermediates\\merge_profile\\default\\module.json","type":"file","isSymbolicLink":false,"fileMetaData":{"size":1063,"lastModifiedTime":1703511162271}},"B:\\yaoyao\\MyApplication3\\entry\\.preview\\default\\intermediates\\loader\\default\\loader.json":{"hashValue":"a3879b8768e7009a1ab080b3c3650876","name":"loader.json","path":"B:\\yaoyao\\MyApplication3\\entry\\.preview\\default\\intermediates\\loader\\default\\loader.json","type":"file","isSymbolicLink":false,"fileMetaData":{"size":327,"lastModifiedTime":1703511162278}},"B:\\yaoyao\\MyApplication3\\entry\\.preview\\default\\intermediates\\process_profile\\default\\module.json":{"hashValue":"aa79038cb8839c6e88988035c18725ec","name":"module.json","path":"B:\\yaoyao\\MyApplication3\\entry\\.preview\\default\\intermediates\\process_profile\\default\\module.json","type":"file","isSymbolicLink":false,"fileMetaData":{"size":1148,"lastModifiedTime":1703511162456}},"B:\\yaoyao\\MyApplication3\\entry\\src\\main\\resources":{"hashValue":"855b0dbe2961a3f4e5901e988c745ccc","name":"resources","path":"B:\\yaoyao\\MyApplication3\\entry\\src\\main\\resources","type":"directory","isSymbolicLink":false,"children":[{"hashValue":"e1b26a3f2489486e1c5b58c30f58eb0c","name":"base","path":"B:\\yaoyao\\MyApplication3\\entry\\src\\main\\resources\\base","type":"directory","isSymbolicLink":false,"children":[{"hashValue":"3fa785d79304f37e951335a145ba0d7d","name":"element","path":"B:\\yaoyao\\MyApplication3\\entry\\src\\main\\resources\\base\\element","type":"directory","isSymbolicLink":false,"children":[{"hashValue":"0a14aa6c44b47beb1e8402e983c04dc5","name":"color.json","path":"B:\\yaoyao\\MyApplication3\\entry\\src\\main\\resources\\base\\element\\color.json","type":"file","isSymbolicLink":false,"fileMetaData":{"size":105,"lastModifiedTime":1703511089765}},{"hashValue":"80c3b7459a43ce5fd388616659a1c0d0","name":"string.json","path":"B:\\yaoyao\\MyApplication3\\entry\\src\\main\\resources\\base\\element\\string.json","type":"file","isSymbolicLink":false,"fileMetaData":{"size":247,"lastModifiedTime":1703511092870}}]},{"hashValue":"a6de478222470cf85a15651c804770a4","name":"media","path":"B:\\yaoyao\\MyApplication3\\entry\\src\\main\\resources\\base\\media","type":"directory","isSymbolicLink":false,"children":[{"hashValue":"78cbfbb6d86144fb212386820156cb18","name":"icon.png","path":"B:\\yaoyao\\MyApplication3\\entry\\src\\main\\resources\\base\\media\\icon.png","type":"file","isSymbolicLink":false,"fileMetaData":{"size":1684271,"lastModifiedTime":1702974630643}}]},{"hashValue":"05e4d3b88615ced1ac3bc6ac878b42ab","name":"profile","path":"B:\\yaoyao\\MyApplication3\\entry\\src\\main\\resources\\base\\profile","type":"directory","isSymbolicLink":false,"children":[{"hashValue":"7d39caa290e8c447862f9c648ffa496c","name":"main_pages.json","path":"B:\\yaoyao\\MyApplication3\\entry\\src\\main\\resources\\base\\profile\\main_pages.json","type":"file","isSymbolicLink":false,"fileMetaData":{"size":37,"lastModifiedTime":1703511089830}}]}]},{"hashValue":"dada3673f804bb259f6515e6cb0bd0b6","name":"en_US","path":"B:\\yaoyao\\MyApplication3\\entry\\src\\main\\resources\\en_US","type":"directory","isSymbolicLink":false,"children":[{"hashValue":"dbc5a9096e281117063d9dbd1240d91b","name":"element","path":"B:\\yaoyao\\MyApplication3\\entry\\src\\main\\resources\\en_US\\element","type":"directory","isSymbolicLink":false,"children":[{"hashValue":"8c5e5d3a92b0163c50984a4674b74abb","name":"string.json","path":"B:\\yaoyao\\MyApplication3\\entry\\src\\main\\resources\\en_US\\element\\string.json","type":"file","isSymbolicLink":false,"fileMetaData":{"size":247,"lastModifiedTime":1703511092704}}]}]},{"hashValue":"","name":"rawfile","path":"B:\\yaoyao\\MyApplication3\\entry\\src\\main\\resources\\rawfile","type":"directory","isSymbolicLink":false,"children":[]},{"hashValue":"6794a6687d8b91cd04d169bcd977bbab","name":"zh_CN","path":"B:\\yaoyao\\MyApplication3\\entry\\src\\main\\resources\\zh_CN","type":"directory","isSymbolicLink":false,"children":[{"hashValue":"c8983134192b62e80e257853cd63c8e1","name":"element","path":"B:\\yaoyao\\MyApplication3\\entry\\src\\main\\resources\\zh_CN\\element","type":"directory","isSymbolicLink":false,"children":[{"hashValue":"55a1c6a29e7db29b49c6925ca400f162","name":"string.json","path":"B:\\yaoyao\\MyApplication3\\entry\\src\\main\\resources\\zh_CN\\element\\string.json","type":"file","isSymbolicLink":false,"fileMetaData":{"size":241,"lastModifiedTime":1703511092918}}]}]}]},"B:\\yaoyao\\MyApplication3\\AppScope\\resources":{"hashValue":"70c8024d0b2589300685024edc8f3413","name":"resources","path":"B:\\yaoyao\\MyApplication3\\AppScope\\resources","type":"directory","isSymbolicLink":false,"children":[{"hashValue":"cc5f3c5bf94d4b038f7d57d6b2de0baf","name":"base","path":"B:\\yaoyao\\MyApplication3\\AppScope\\resources\\base","type":"directory","isSymbolicLink":false,"children":[{"hashValue":"2e32ccd203ed6ab0141b5e758df1b393","name":"element","path":"B:\\yaoyao\\MyApplication3\\AppScope\\resources\\base\\element","type":"directory","isSymbolicLink":false,"children":[{"hashValue":"8b2eea1cd982005f412c0b67a81796b8","name":"string.json","path":"B:\\yaoyao\\MyApplication3\\AppScope\\resources\\base\\element\\string.json","type":"file","isSymbolicLink":false,"fileMetaData":{"size":99,"lastModifiedTime":1703511089149}}]},{"hashValue":"6b3a96fd3b7ba461a74c77e86e5e1214","name":"media","path":"B:\\yaoyao\\MyApplication3\\AppScope\\resources\\base\\media","type":"directory","isSymbolicLink":false,"children":[{"hashValue":"87e212fb0694f6fffe15ecbf3e112694","name":"app_icon.png","path":"B:\\yaoyao\\MyApplication3\\AppScope\\resources\\base\\media\\app_icon.png","type":"file","isSymbolicLink":false,"fileMetaData":{"size":6790,"lastModifiedTime":1703511089107}}]}]}]},"B:\\yaoyao\\MyApplication3\\entry\\.preview\\default\\intermediates\\res\\default":{"hashValue":"7f9fa127d484079663feb999fe3c584d","name":"default","path":"B:\\yaoyao\\MyApplication3\\entry\\.preview\\default\\intermediates\\res\\default","type":"directory","isSymbolicLink":false,"children":[{"hashValue":"15cce02985dee2d53f75b41f75ffa548","name":"app_compiled","path":"B:\\yaoyao\\MyApplication3\\entry\\.preview\\default\\intermediates\\res\\default\\app_compiled","type":"directory","isSymbolicLink":false,"children":[{"hashValue":"febed0d82b1185a8ae806581f054e61a","name":"10542411379332477080","path":"B:\\yaoyao\\MyApplication3\\entry\\.preview\\default\\intermediates\\res\\default\\app_compiled\\10542411379332477080","type":"file","isSymbolicLink":false,"fileMetaData":{"size":174,"lastModifiedTime":1703511474237}},{"hashValue":"9dd7cadd5fccaa1ebdf22fcad9fe07f1","name":"10794801701669072595","path":"B:\\yaoyao\\MyApplication3\\entry\\.preview\\default\\intermediates\\res\\default\\app_compiled\\10794801701669072595","type":"file","isSymbolicLink":false,"fileMetaData":{"size":117,"lastModifiedTime":1703511474236}}]},{"hashValue":"f6d9c51ebbbe15236a9f048fde847dd0","name":"module_compiled","path":"B:\\yaoyao\\MyApplication3\\entry\\.preview\\default\\intermediates\\res\\default\\module_compiled","type":"directory","isSymbolicLink":false,"children":[{"hashValue":"cb5b1890097bf53931236762cd5a1c9c","name":"12147371506988825456","path":"B:\\yaoyao\\MyApplication3\\entry\\.preview\\default\\intermediates\\res\\default\\module_compiled\\12147371506988825456","type":"file","isSymbolicLink":false,"fileMetaData":{"size":440,"lastModifiedTime":1703511474301}},{"hashValue":"1ace21c42821c6a5e9cc951b1cf81458","name":"14807595249208590084","path":"B:\\yaoyao\\MyApplication3\\entry\\.preview\\default\\intermediates\\res\\default\\module_compiled\\14807595249208590084","type":"file","isSymbolicLink":false,"fileMetaData":{"size":434,"lastModifiedTime":1703511474314}},{"hashValue":"4e6c74f3d77df29e536d31b31502dc2e","name":"15495132811084269110","path":"B:\\yaoyao\\MyApplication3\\entry\\.preview\\default\\intermediates\\res\\default\\module_compiled\\15495132811084269110","type":"file","isSymbolicLink":false,"fileMetaData":{"size":199,"lastModifiedTime":1703511474300}},{"hashValue":"c94e312707d1ff4e5e2fbb9e5b31bc78","name":"2528662907660127330","path":"B:\\yaoyao\\MyApplication3\\entry\\.preview\\default\\intermediates\\res\\default\\module_compiled\\2528662907660127330","type":"file","isSymbolicLink":false,"fileMetaData":{"size":386,"lastModifiedTime":1703511474298}},{"hashValue":"6594cc042c6381eaf52291d3fa18cec3","name":"4075389105197851135","path":"B:\\yaoyao\\MyApplication3\\entry\\.preview\\default\\intermediates\\res\\default\\module_compiled\\4075389105197851135","type":"file","isSymbolicLink":false,"fileMetaData":{"size":174,"lastModifiedTime":1703511474299}},{"hashValue":"338b902a96fc6a0fd4600e9db271317d","name":"4170283768757481904","path":"B:\\yaoyao\\MyApplication3\\entry\\.preview\\default\\intermediates\\res\\default\\module_compiled\\4170283768757481904","type":"file","isSymbolicLink":false,"fileMetaData":{"size":131,"lastModifiedTime":1703511474297}}]},{"hashValue":"0fed616ffc775b2528bb5d2320e12707","name":"module.json","path":"B:\\yaoyao\\MyApplication3\\entry\\.preview\\default\\intermediates\\res\\default\\module.json","type":"file","isSymbolicLink":false,"fileMetaData":{"size":2049,"lastModifiedTime":1703511474396}},{"hashValue":"233032a4b6b9fa1e7f8431210796890d","name":"resources","path":"B:\\yaoyao\\MyApplication3\\entry\\.preview\\default\\intermediates\\res\\default\\resources","type":"directory","isSymbolicLink":false,"children":[{"hashValue":"07ec000d7e9f82d20900fa15a6525d94","name":"base","path":"B:\\yaoyao\\MyApplication3\\entry\\.preview\\default\\intermediates\\res\\default\\resources\\base","type":"directory","isSymbolicLink":false,"children":[{"hashValue":"1013d3e81c0f19763fe16045a939558d","name":"profile","path":"B:\\yaoyao\\MyApplication3\\entry\\.preview\\default\\intermediates\\res\\default\\resources\\base\\profile","type":"directory","isSymbolicLink":false,"children":[{"hashValue":"984f6f01db38dd3eba01c788f13a869f","name":"main_pages.json","path":"B:\\yaoyao\\MyApplication3\\entry\\.preview\\default\\intermediates\\res\\default\\resources\\base\\profile\\main_pages.json","type":"file","isSymbolicLink":false,"fileMetaData":{"size":23,"lastModifiedTime":1703511481097}}]}]}]},{"hashValue":"1c7a1dbc38fbedace7c0b4a6bc2c4162","name":"resources.index","path":"B:\\yaoyao\\MyApplication3\\entry\\.preview\\default\\intermediates\\res\\default\\resources.index","type":"file","isSymbolicLink":false,"fileMetaData":{"size":1113,"lastModifiedTime":1703511474395}},{"hashValue":"f4ee122c8a396f2800155e9a8012deef","name":"ResourceTable.txt","path":"B:\\yaoyao\\MyApplication3\\entry\\.preview\\default\\intermediates\\res\\default\\ResourceTable.txt","type":"file","isSymbolicLink":false,"fileMetaData":{"size":248,"lastModifiedTime":1703511474398}}]},"B:\\yaoyao\\MyApplication3\\entry\\.preview\\default\\generated\\r\\default\\ResourceTable.h":{"hashValue":"985db4ebf4286650160b7a7f652d7d60","name":"ResourceTable.h","path":"B:\\yaoyao\\MyApplication3\\entry\\.preview\\default\\generated\\r\\default\\ResourceTable.h","type":"file","isSymbolicLink":false,"fileMetaData":{"size":1090,"lastModifiedTime":1703511474396}},"B:\\yaoyao\\MyApplication3\\entry\\.preview\\default\\generated\\r\\default":{"hashValue":"2642c6f09274b497532d54939ec8fd90","name":"default","path":"B:\\yaoyao\\MyApplication3\\entry\\.preview\\default\\generated\\r\\default","type":"directory","isSymbolicLink":false,"children":[{"hashValue":"985db4ebf4286650160b7a7f652d7d60","name":"ResourceTable.h","path":"B:\\yaoyao\\MyApplication3\\entry\\.preview\\default\\generated\\r\\default\\ResourceTable.h","type":"file","isSymbolicLink":false,"fileMetaData":{"size":1090,"lastModifiedTime":1703511474396}}]},"B:\\yaoyao\\MyApplication3\\entry\\.preview\\config\\buildConfig.json":{"hashValue":"d299fc4110b63119247d53c9ceede4e5","name":"buildConfig.json","path":"B:\\yaoyao\\MyApplication3\\entry\\.preview\\config\\buildConfig.json","type":"file","isSymbolicLink":false,"fileMetaData":{"size":1606,"lastModifiedTime":1703511472826}},"B:\\yaoyao\\MyApplication3\\entry\\.preview\\default\\intermediates\\res\\default\\module.json":{"hashValue":"0fed616ffc775b2528bb5d2320e12707","name":"module.json","path":"B:\\yaoyao\\MyApplication3\\entry\\.preview\\default\\intermediates\\res\\default\\module.json","type":"file","isSymbolicLink":false,"fileMetaData":{"size":2049,"lastModifiedTime":1703511474396}},"B:\\yaoyao\\MyApplication3\\entry\\.preview\\default\\intermediates\\res\\default\\resources\\base\\profile\\main_pages.json":{"hashValue":"984f6f01db38dd3eba01c788f13a869f","name":"main_pages.json","path":"B:\\yaoyao\\MyApplication3\\entry\\.preview\\default\\intermediates\\res\\default\\resources\\base\\profile\\main_pages.json","type":"file","isSymbolicLink":false,"fileMetaData":{"size":23,"lastModifiedTime":1703511481097}},"B:\\yaoyao\\MyApplication3\\entry\\.preview\\default\\intermediates\\loader\\default":{"hashValue":"ca369bb239f2674d23e9b9d744f1d3d0","name":"default","path":"B:\\yaoyao\\MyApplication3\\entry\\.preview\\default\\intermediates\\loader\\default","type":"directory","isSymbolicLink":false,"children":[{"hashValue":"a3879b8768e7009a1ab080b3c3650876","name":"loader.json","path":"B:\\yaoyao\\MyApplication3\\entry\\.preview\\default\\intermediates\\loader\\default\\loader.json","type":"file","isSymbolicLink":false,"fileMetaData":{"size":327,"lastModifiedTime":1703511162278}}]},"B:\\yaoyao\\MyApplication3\\entry\\.preview\\default\\intermediates\\res\\default\\ResourceTable.txt":{"hashValue":"f4ee122c8a396f2800155e9a8012deef","name":"ResourceTable.txt","path":"B:\\yaoyao\\MyApplication3\\entry\\.preview\\default\\intermediates\\res\\default\\ResourceTable.txt","type":"file","isSymbolicLink":false,"fileMetaData":{"size":248,"lastModifiedTime":1703511474398}},"B:\\yaoyao\\MyApplication3\\entry\\.preview\\default\\intermediates\\res\\default\\resources\\base\\profile":{"hashValue":"1013d3e81c0f19763fe16045a939558d","name":"profile","path":"B:\\yaoyao\\MyApplication3\\entry\\.preview\\default\\intermediates\\res\\default\\resources\\base\\profile","type":"directory","isSymbolicLink":false,"children":[{"hashValue":"984f6f01db38dd3eba01c788f13a869f","name":"main_pages.json","path":"B:\\yaoyao\\MyApplication3\\entry\\.preview\\default\\intermediates\\res\\default\\resources\\base\\profile\\main_pages.json","type":"file","isSymbolicLink":false,"fileMetaData":{"size":23,"lastModifiedTime":1703511481097}}]},"B:\\yaoyao\\MyApplication3\\entry\\src\\main\\ets":{"hashValue":"a18fa2a951b01e95b93549ec044f9e83","name":"ets","path":"B:\\yaoyao\\MyApplication3\\entry\\src\\main\\ets","type":"directory","isSymbolicLink":false,"children":[{"hashValue":"93595b6696ddf869599e6231f53b6b52","name":"entryability","path":"B:\\yaoyao\\MyApplication3\\entry\\src\\main\\ets\\entryability","type":"directory","isSymbolicLink":false,"children":[{"hashValue":"5ef054571acf585199c2e583527e0c61","name":"EntryAbility.ts","path":"B:\\yaoyao\\MyApplication3\\entry\\src\\main\\ets\\entryability\\EntryAbility.ts","type":"file","isSymbolicLink":false,"fileMetaData":{"size":1417,"lastModifiedTime":1703511092806}}]},{"hashValue":"82d4118b4a4a47705edf6da666aef951","name":"pages","path":"B:\\yaoyao\\MyApplication3\\entry\\src\\main\\ets\\pages","type":"directory","isSymbolicLink":false,"children":[{"hashValue":"37cebfa9a07914366501b5ab57fbff04","name":"Index.ets","path":"B:\\yaoyao\\MyApplication3\\entry\\src\\main\\ets\\pages\\Index.ets","type":"file","isSymbolicLink":false,"fileMetaData":{"size":2146,"lastModifiedTime":1703511471500}}]}]},"{\"commandList\":[\"B:\\\\yaoyao\\\\openharmony\\\\9\\\\toolchains\\\\restool.exe\",\"-m\",\"entry\",\"-f\",\"-j\",\"B:\\\\yaoyao\\\\MyApplication3\\\\entry\\\\.preview\\\\default\\\\intermediates\\\\process_profile\\\\default\\\\module.json\",\"-p\",\"com.example.myapplication\",\"-o\",\"B:\\\\yaoyao\\\\MyApplication3\\\\entry\\\\.preview\\\\default\\\\intermediates\\\\res\\\\default\",\"-r\",\"B:\\\\yaoyao\\\\MyApplication3\\\\entry\\\\.preview\\\\default\\\\generated\\\\r\\\\default\\\\ResourceTable.h\"],\"inputFiles\":{\"_group\":{}},\"outputFiles\":{\"_group\":{}},\"existsResourceDir\":true,\"restoolLinkParamObj\":{\"appScopeResources\":\"B:\\\\yaoyao\\\\MyApplication3\\\\AppScope\\\\resources\",\"moduleResourcesMap\":{},\"harResourcesMap\":{},\"outputPath\":\"B:\\\\yaoyao\\\\MyApplication3\\\\entry\\\\.preview\\\\default\\\\intermediates\\\\res\\\\default\",\"linkCommand\":[\"B:\\\\yaoyao\\\\openharmony\\\\9\\\\toolchains\\\\restool.exe\",\"-m\",\"entry\",\"-f\",\"-j\",\"B:\\\\yaoyao\\\\MyApplication3\\\\entry\\\\.preview\\\\default\\\\intermediates\\\\process_profile\\\\default\\\\module.json\",\"-p\",\"com.example.myapplication\",\"-r\",\"B:\\\\yaoyao\\\\MyApplication3\\\\entry\\\\.preview\\\\default\\\\generated\\\\r\\\\default\\\\ResourceTable.h\",\"-z\"]}}":{"hashValue":"","name":"emptyroot","path":"","type":"unknown","isSymbolicLink":false,"children":[]},"B:\\yaoyao\\MyApplication3\\entry\\.preview\\default\\intermediates\\loader_out\\default\\ets":{"hashValue":"","name":"emptyroot","path":"","type":"unknown","isSymbolicLink":false,"children":[]}}