{":MyApplication3:entry:default@PreBuild":{"_inputs":[{"dataType":"ValueEntry","value":"{\"_name\":\"BUILTIN_TASK_COMMAND\",\"_value\":\"\",\"_valueType\":\"string\",\"_hash\":\"0b5d05294fdf4e78e8482ef53eb64ac0\"}"},{"dataType":"ValueEntry","value":"{\"_name\":\"BUILTIN_TASK_ENV\",\"_value\":\"\",\"_valueType\":\"string\",\"_hash\":\"cdcdc2ec8062ca9ec1de46dbf2bbc053\"}"},{"dataType":"ValueEntry","value":"{\"_name\":\"BUILTIN_TASK_TOOLCHAIN\",\"_value\":\"\",\"_valueType\":\"string\",\"_hash\":\"e7f94a9422a8bc317a7d90b58efcb5f6\"}"},{"dataType":"ValueEntry","value":"{\"_name\":\"apiType\",\"_value\":\"stageMode\",\"_valueType\":\"string\",\"_hash\":\"699c7565645ea3ea8c88551a4926a3d5\"}"},{"dataType":"ValueEntry","value":"{\"_name\":\"codeType\",\"_value\":true,\"_valueType\":\"boolean\",\"_hash\":\"d6dcf21a9f078b661283507536e57ce8\"}"},{"dataType":"ValueEntry","value":"{\"_name\":\"compatibleApiVersion\",\"_value\":9,\"_valueType\":\"number\",\"_hash\":\"8f14da7cda665d5f6676adf8a127634f\"}"},{"dataType":"ValueEntry","value":"{\"_name\":\"compileApiVersion\",\"_value\":9,\"_valueType\":\"number\",\"_hash\":\"cdd5413832c7470f85f225c67a87a683\"}"},{"dataType":"ValueEntry","value":"{\"_name\":\"deviceType\",\"_value\":[\"phone\",\"tablet\"],\"_valueType\":\"object\",\"_hash\":\"6b8c09abb74b3d778d7ce1bc1efb26ef\"}"},{"dataType":"ValueEntry","value":"{\"_name\":\"isSupportOhpmProj\",\"_value\":true,\"_valueType\":\"boolean\",\"_hash\":\"f3a249d7e3f751316e931b8a08b074b4\"}"},{"dataType":"ValueEntry","value":"{\"_name\":\"profileModuleName\",\"_value\":\"entry\",\"_valueType\":\"string\",\"_hash\":\"b174ea6ff5824844dde5ad92f6b3ef2b\"}"},{"dataType":"ValueEntry","value":"{\"_name\":\"sdkToolchainsComponentVersion\",\"_value\":\"3.2.12.5\",\"_valueType\":\"string\",\"_hash\":\"cc722e03b3384cc9b37c649e4134fc99\"}"},{"dataType":"ValueEntry","value":"{\"_name\":\"targetStatusCode\",\"_value\":2,\"_valueType\":\"number\",\"_hash\":\"5a9255c0f4ee50904a9349ebafca8369\"}"}],"_successful":true,"_projectName":"MyApplication3","_moduleName":"entry","_taskName":"default@PreBuild","_key":":MyApplication3:entry:default@PreBuild","_executionId":":MyApplication3:entry:default@PreBuild:1703511162132","_inputFiles":{"dataType":"Map","value":[["B:\\yaoyao\\MyApplication3\\AppScope\\app.json5",{"isDirectory":false,"fileSnapShotHashValue":"0c12807746bd1a4f795368761d757ee2"}],["B:\\yaoyao\\MyApplication3\\entry\\src\\main\\module.json5",{"isDirectory":false,"fileSnapShotHashValue":"fe3ae89e4538982051b15f5a0605452e"}]]},"_outputFiles":{"dataType":"Map","value":[]}},":MyApplication3:entry:default@MergeProfile":{"_inputs":[{"dataType":"ValueEntry","value":"{\"_name\":\"BUILTIN_TASK_COMMAND\",\"_value\":\"\",\"_valueType\":\"string\",\"_hash\":\"0b5d05294fdf4e78e8482ef53eb64ac0\"}"},{"dataType":"ValueEntry","value":"{\"_name\":\"BUILTIN_TASK_ENV\",\"_value\":\"\",\"_valueType\":\"string\",\"_hash\":\"cdcdc2ec8062ca9ec1de46dbf2bbc053\"}"},{"dataType":"ValueEntry","value":"{\"_name\":\"BUILTIN_TASK_TOOLCHAIN\",\"_value\":\"\",\"_valueType\":\"string\",\"_hash\":\"e7f94a9422a8bc317a7d90b58efcb5f6\"}"},{"dataType":"ValueEntry","value":"{\"_name\":\"asanEnable\",\"_value\":false,\"_valueType\":\"boolean\",\"_hash\":\"bc2129ba20a21b7e5234139ede1b4d7b\"}"},{"dataType":"ValueEntry","value":"{\"_name\":\"buildRoot\",\"_value\":\".preview\",\"_valueType\":\"string\",\"_hash\":\"88e9a315669657b02bc470a13f92befe\"}"},{"dataType":"ValueEntry","value":"{\"_name\":\"compatibleSdkVersion\",\"_value\":9,\"_valueType\":\"number\",\"_hash\":\"789a8631987a2e2b1a03b001c78d0180\"}"},{"dataType":"ValueEntry","value":"{\"_name\":\"isDebug\",\"_value\":true,\"_valueType\":\"boolean\",\"_hash\":\"edbf05a2d2be2c385e75d9565a48d419\"}"},{"dataType":"ValueEntry","value":"{\"_name\":\"isHarModule\",\"_value\":false,\"_valueType\":\"boolean\",\"_hash\":\"a15b7a3ed818faa99a4a10d67f52cb72\"}"},{"dataType":"ValueEntry","value":"{\"_name\":\"multiProjects\",\"_value\":false,\"_valueType\":\"boolean\",\"_hash\":\"555604752defc243b4e4c55d1549fc06\"}"},{"dataType":"ValueEntry","value":"{\"_name\":\"releaseType\",\"_value\":\"Release\",\"_valueType\":\"string\",\"_hash\":\"bbcabdda034e97584f8c36f85b3ec517\"}"},{"dataType":"ValueEntry","value":"{\"_name\":\"targetSdkVersion\",\"_value\":9,\"_valueType\":\"number\",\"_hash\":\"09b2bdc967d8b97f7b9bf4f19735497e\"}"}],"_successful":true,"_projectName":"MyApplication3","_moduleName":"entry","_taskName":"default@MergeProfile","_key":":MyApplication3:entry:default@MergeProfile","_executionId":":MyApplication3:entry:default@MergeProfile:1703511162264","_inputFiles":{"dataType":"Map","value":[["B:\\yaoyao\\MyApplication3\\AppScope\\app.json5",{"fileSnapShotHashValue":"0c12807746bd1a4f795368761d757ee2"}],["B:\\yaoyao\\MyApplication3\\entry\\src\\main\\module.json5",{"fileSnapShotHashValue":"fe3ae89e4538982051b15f5a0605452e"}]]},"_outputFiles":{"dataType":"Map","value":[["B:\\yaoyao\\MyApplication3\\entry\\.preview\\default\\intermediates\\merge_profile\\default\\module.json",{"fileSnapShotHashValue":"a7694d3712b20e9c63220112d5d262c4"}]]}},":MyApplication3:entry:default@GenerateLoaderJson":{"_inputs":[{"dataType":"ValueEntry","value":"{\"_name\":\"BUILTIN_TASK_COMMAND\",\"_value\":\"\",\"_valueType\":\"string\",\"_hash\":\"0b5d05294fdf4e78e8482ef53eb64ac0\"}"},{"dataType":"ValueEntry","value":"{\"_name\":\"BUILTIN_TASK_ENV\",\"_value\":\"\",\"_valueType\":\"string\",\"_hash\":\"cdcdc2ec8062ca9ec1de46dbf2bbc053\"}"},{"dataType":"ValueEntry","value":"{\"_name\":\"BUILTIN_TASK_TOOLCHAIN\",\"_value\":\"\",\"_valueType\":\"string\",\"_hash\":\"e7f94a9422a8bc317a7d90b58efcb5f6\"}"},{"dataType":"ValueEntry","value":"{\"_name\":\"aotCompileMode\",\"_value\":\"\",\"_valueType\":\"string\",\"_hash\":\"31b66e9c596cc61cb06cdecc08aaeb6c\"}"},{"dataType":"ValueEntry","value":"{\"_name\":\"apPath\",\"_value\":\"\",\"_valueType\":\"string\",\"_hash\":\"dabe59b8be9f1396c43dc319521a0027\"}"},{"dataType":"ValueEntry","value":"{\"_name\":\"compileMode\",\"_value\":\"esmodule\",\"_valueType\":\"string\",\"_hash\":\"dacafc8e0b77a950178a0b4d142dc32c\"}"},{"dataType":"ValueEntry","value":"{\"_name\":\"harNameOhmMap\",\"_value\":\"{}\",\"_valueType\":\"string\",\"_hash\":\"0faf006bccbcdc2c7f04ff2d8c87894f\"}"},{"dataType":"ValueEntry","value":"{\"_name\":\"modulePathMap\",\"_value\":\"{\\\"entry\\\":\\\"B:\\\\\\\\yaoyao\\\\\\\\MyApplication3\\\\\\\\entry\\\"}\",\"_valueType\":\"string\",\"_hash\":\"c29c931e2baa3c9e32ddccb628878eb8\"}"},{"dataType":"ValueEntry","value":"{\"_name\":\"nodeModulesPath\",\"_value\":\"B:\\\\yaoyao\\\\MyApplication3\\\\entry\\\\.preview\\\\default\\\\intermediates\\\\loader_out\\\\default\\\\node_modules\",\"_valueType\":\"string\",\"_hash\":\"985dc8f9cd87c73dcd2c3b9c86e023e4\"}"},{"dataType":"ValueEntry","value":"{\"_name\":\"projectRootPath\",\"_value\":\"B:\\\\yaoyao\\\\MyApplication3\",\"_valueType\":\"string\",\"_hash\":\"42658491010df0b0bf6fd65d11111140\"}"},{"dataType":"ValueEntry","value":"{\"_name\":\"targetConfig\",\"_value\":\"{\\\"name\\\":\\\"default\\\",\\\"runtimeOS\\\":\\\"HarmonyOS\\\"}\",\"_valueType\":\"string\",\"_hash\":\"96bcd83382fb082c731eedf7bc0cf1dc\"}"}],"_successful":true,"_projectName":"MyApplication3","_moduleName":"entry","_taskName":"default@GenerateLoaderJson","_key":":MyApplication3:entry:default@GenerateLoaderJson","_executionId":":MyApplication3:entry:default@GenerateLoaderJson:1703511162275","_inputFiles":{"dataType":"Map","value":[]},"_outputFiles":{"dataType":"Map","value":[["B:\\yaoyao\\MyApplication3\\entry\\.preview\\default\\intermediates\\loader\\default\\loader.json",{"isDirectory":false,"fileSnapShotHashValue":"a3879b8768e7009a1ab080b3c3650876"}]]}},":MyApplication3:entry:default@ProcessProfile":{"_inputs":[{"dataType":"ValueEntry","value":"{\"_name\":\"BUILTIN_TASK_COMMAND\",\"_value\":\"\",\"_valueType\":\"string\",\"_hash\":\"0b5d05294fdf4e78e8482ef53eb64ac0\"}"},{"dataType":"ValueEntry","value":"{\"_name\":\"BUILTIN_TASK_ENV\",\"_value\":\"\",\"_valueType\":\"string\",\"_hash\":\"cdcdc2ec8062ca9ec1de46dbf2bbc053\"}"},{"dataType":"ValueEntry","value":"{\"_name\":\"BUILTIN_TASK_TOOLCHAIN\",\"_value\":\"\",\"_valueType\":\"string\",\"_hash\":\"e7f94a9422a8bc317a7d90b58efcb5f6\"}"},{"dataType":"ValueEntry","value":"{\"_name\":\"arkEnable\",\"_value\":true,\"_valueType\":\"boolean\",\"_hash\":\"750b4bda198545a67903dfb3f6a00a95\"}"},{"dataType":"ValueEntry","value":"{\"_name\":\"compileMode\",\"_value\":\"esmodule\",\"_valueType\":\"string\",\"_hash\":\"dacafc8e0b77a950178a0b4d142dc32c\"}"},{"dataType":"ValueEntry","value":"{\"_name\":\"dependency\",\"_value\":\"[]\",\"_valueType\":\"string\",\"_hash\":\"ac54f3d4ced2d4c1d666d40e4f7c454a\"}"},{"dataType":"ValueEntry","value":"{\"_name\":\"deviceTypes\",\"_value\":[\"phone\",\"tablet\"],\"_valueType\":\"object\",\"_hash\":\"c166d88837153e59136adb6a4b649962\"}"}],"_successful":true,"_projectName":"MyApplication3","_moduleName":"entry","_taskName":"default@ProcessProfile","_key":":MyApplication3:entry:default@ProcessProfile","_executionId":":MyApplication3:entry:default@ProcessProfile:1703511162281","_inputFiles":{"dataType":"Map","value":[["B:\\yaoyao\\MyApplication3\\entry\\.preview\\default\\intermediates\\merge_profile\\default\\module.json",{"fileSnapShotHashValue":"a7694d3712b20e9c63220112d5d262c4"}]]},"_outputFiles":{"dataType":"Map","value":[["B:\\yaoyao\\MyApplication3\\entry\\.preview\\default\\intermediates\\process_profile\\default\\module.json",{"fileSnapShotHashValue":"aa79038cb8839c6e88988035c18725ec"}]]}},":MyApplication3:entry:default@PreviewProcessResource":{"_inputs":[{"dataType":"ValueEntry","value":"{\"_name\":\"previewCompileResourcesCommand\",\"_value\":\"{\\\"commandList\\\":[\\\"B:\\\\\\\\yaoyao\\\\\\\\openharmony\\\\\\\\9\\\\\\\\toolchains\\\\\\\\restool.exe\\\",\\\"-m\\\",\\\"entry\\\",\\\"-f\\\",\\\"-j\\\",\\\"B:\\\\\\\\yaoyao\\\\\\\\MyApplication3\\\\\\\\entry\\\\\\\\.preview\\\\\\\\default\\\\\\\\intermediates\\\\\\\\process_profile\\\\\\\\default\\\\\\\\module.json\\\",\\\"-p\\\",\\\"com.example.myapplication\\\",\\\"-o\\\",\\\"B:\\\\\\\\yaoyao\\\\\\\\MyApplication3\\\\\\\\entry\\\\\\\\.preview\\\\\\\\default\\\\\\\\intermediates\\\\\\\\res\\\\\\\\default\\\",\\\"-r\\\",\\\"B:\\\\\\\\yaoyao\\\\\\\\MyApplication3\\\\\\\\entry\\\\\\\\.preview\\\\\\\\default\\\\\\\\generated\\\\\\\\r\\\\\\\\default\\\\\\\\ResourceTable.h\\\"],\\\"inputFiles\\\":{\\\"_group\\\":{}},\\\"outputFiles\\\":{\\\"_group\\\":{}},\\\"existsResourceDir\\\":true,\\\"restoolLinkParamObj\\\":{\\\"appScopeResources\\\":\\\"B:\\\\\\\\yaoyao\\\\\\\\MyApplication3\\\\\\\\AppScope\\\\\\\\resources\\\",\\\"moduleResourcesMap\\\":{},\\\"harResourcesMap\\\":{},\\\"outputPath\\\":\\\"B:\\\\\\\\yaoyao\\\\\\\\MyApplication3\\\\\\\\entry\\\\\\\\.preview\\\\\\\\default\\\\\\\\intermediates\\\\\\\\res\\\\\\\\default\\\",\\\"linkCommand\\\":[\\\"B:\\\\\\\\yaoyao\\\\\\\\openharmony\\\\\\\\9\\\\\\\\toolchains\\\\\\\\restool.exe\\\",\\\"-m\\\",\\\"entry\\\",\\\"-f\\\",\\\"-j\\\",\\\"B:\\\\\\\\yaoyao\\\\\\\\MyApplication3\\\\\\\\entry\\\\\\\\.preview\\\\\\\\default\\\\\\\\intermediates\\\\\\\\process_profile\\\\\\\\default\\\\\\\\module.json\\\",\\\"-p\\\",\\\"com.example.myapplication\\\",\\\"-r\\\",\\\"B:\\\\\\\\yaoyao\\\\\\\\MyApplication3\\\\\\\\entry\\\\\\\\.preview\\\\\\\\default\\\\\\\\generated\\\\\\\\r\\\\\\\\default\\\\\\\\ResourceTable.h\\\",\\\"-z\\\"]}}\",\"_valueType\":\"string\"}"},{"dataType":"ValueEntry","value":"{\"_name\":\"BUILTIN_TASK_COMMAND\",\"_value\":\"\",\"_valueType\":\"string\"}"},{"dataType":"ValueEntry","value":"{\"_name\":\"BUILTIN_TASK_TOOLCHAIN\",\"_value\":\"\",\"_valueType\":\"string\"}"},{"dataType":"ValueEntry","value":"{\"_name\":\"BUILTIN_TASK_ENV\",\"_value\":\"\",\"_valueType\":\"string\"}"}],"_successful":true,"_projectName":"MyApplication3","_moduleName":"entry","_taskName":"default@PreviewProcessResource","_key":":MyApplication3:entry:default@PreviewProcessResource","_executionId":":MyApplication3:entry:default@PreviewProcessResource:1703511474130","_inputFiles":{"dataType":"Map","value":[]},"_outputFiles":{"dataType":"Map","value":[["{\"commandList\":[\"B:\\\\yaoyao\\\\openharmony\\\\9\\\\toolchains\\\\restool.exe\",\"-m\",\"entry\",\"-f\",\"-j\",\"B:\\\\yaoyao\\\\MyApplication3\\\\entry\\\\.preview\\\\default\\\\intermediates\\\\process_profile\\\\default\\\\module.json\",\"-p\",\"com.example.myapplication\",\"-o\",\"B:\\\\yaoyao\\\\MyApplication3\\\\entry\\\\.preview\\\\default\\\\intermediates\\\\res\\\\default\",\"-r\",\"B:\\\\yaoyao\\\\MyApplication3\\\\entry\\\\.preview\\\\default\\\\generated\\\\r\\\\default\\\\ResourceTable.h\"],\"inputFiles\":{\"_group\":{}},\"outputFiles\":{\"_group\":{}},\"existsResourceDir\":true,\"restoolLinkParamObj\":{\"appScopeResources\":\"B:\\\\yaoyao\\\\MyApplication3\\\\AppScope\\\\resources\",\"moduleResourcesMap\":{},\"harResourcesMap\":{},\"outputPath\":\"B:\\\\yaoyao\\\\MyApplication3\\\\entry\\\\.preview\\\\default\\\\intermediates\\\\res\\\\default\",\"linkCommand\":[\"B:\\\\yaoyao\\\\openharmony\\\\9\\\\toolchains\\\\restool.exe\",\"-m\",\"entry\",\"-f\",\"-j\",\"B:\\\\yaoyao\\\\MyApplication3\\\\entry\\\\.preview\\\\default\\\\intermediates\\\\process_profile\\\\default\\\\module.json\",\"-p\",\"com.example.myapplication\",\"-r\",\"B:\\\\yaoyao\\\\MyApplication3\\\\entry\\\\.preview\\\\default\\\\generated\\\\r\\\\default\\\\ResourceTable.h\",\"-z\"]}}",{"isDirectory":false,"fileSnapShotHashValue":""}]]}},":MyApplication3:entry:default@PreviewCompileResource":{"_inputs":[{"dataType":"ValueEntry","value":"{\"_name\":\"PREVIEWER_REPLACE_PAGE\",\"_valueType\":\"undefined\"}"},{"dataType":"ValueEntry","value":"{\"_name\":\"PREVIEWER_REPLACE_SRCPATH\",\"_valueType\":\"undefined\"}"},{"dataType":"ValueEntry","value":"{\"_name\":\"TARGET_CONFIG\",\"_value\":\"{\\\"name\\\":\\\"default\\\",\\\"runtimeOS\\\":\\\"HarmonyOS\\\"}\",\"_valueType\":\"string\"}"},{"dataType":"ValueEntry","value":"{\"_name\":\"BUILTIN_TASK_COMMAND\",\"_value\":\"\",\"_valueType\":\"string\"}"},{"dataType":"ValueEntry","value":"{\"_name\":\"BUILTIN_TASK_TOOLCHAIN\",\"_value\":\"B:\\\\yaoyao\\\\openharmony\\\\9\\\\toolchains\\\\restool.exe\",\"_valueType\":\"string\"}"},{"dataType":"ValueEntry","value":"{\"_name\":\"BUILTIN_TASK_ENV\",\"_value\":\"\",\"_valueType\":\"string\"}"}],"_successful":true,"_projectName":"MyApplication3","_moduleName":"entry","_taskName":"default@PreviewCompileResource","_key":":MyApplication3:entry:default@PreviewCompileResource","_executionId":":MyApplication3:entry:default@PreviewCompileResource:1703511474135","_inputFiles":{"dataType":"Map","value":[["B:\\yaoyao\\MyApplication3\\entry\\src\\main\\resources",{"fileSnapShotHashValue":"855b0dbe2961a3f4e5901e988c745ccc"}],["B:\\yaoyao\\MyApplication3\\AppScope\\resources",{"fileSnapShotHashValue":"70c8024d0b2589300685024edc8f3413"}],["B:\\yaoyao\\MyApplication3\\entry\\.preview\\default\\intermediates\\process_profile\\default\\module.json",{"isDirectory":false,"fileSnapShotHashValue":"aa79038cb8839c6e88988035c18725ec"}]]},"_outputFiles":{"dataType":"Map","value":[["B:\\yaoyao\\MyApplication3\\entry\\.preview\\default\\intermediates\\res\\default",{"isDirectory":true,"fileSnapShotHashValue":"7f9fa127d484079663feb999fe3c584d"}],["B:\\yaoyao\\MyApplication3\\entry\\.preview\\default\\generated\\r\\default\\ResourceTable.h",{"isDirectory":false,"fileSnapShotHashValue":"985db4ebf4286650160b7a7f652d7d60"}],["B:\\yaoyao\\MyApplication3\\entry\\.preview\\default\\generated\\r\\default",{"isDirectory":true,"fileSnapShotHashValue":"2642c6f09274b497532d54939ec8fd90"}]]}},":MyApplication3:entry:default@PreviewUpdateAssets":{"_inputs":[{"dataType":"ValueEntry","value":"{\"_name\":\"BUILTIN_TASK_COMMAND\",\"_value\":\"\",\"_valueType\":\"string\"}"},{"dataType":"ValueEntry","value":"{\"_name\":\"BUILTIN_TASK_TOOLCHAIN\",\"_value\":\"\",\"_valueType\":\"string\"}"},{"dataType":"ValueEntry","value":"{\"_name\":\"BUILTIN_TASK_ENV\",\"_value\":\"\",\"_valueType\":\"string\"}"}],"_successful":true,"_projectName":"MyApplication3","_moduleName":"entry","_taskName":"default@PreviewUpdateAssets","_key":":MyApplication3:entry:default@PreviewUpdateAssets","_executionId":":MyApplication3:entry:default@PreviewUpdateAssets:1703511474416","_inputFiles":{"dataType":"Map","value":[["B:\\yaoyao\\MyApplication3\\entry\\.preview\\config\\buildConfig.json",{"isDirectory":false,"fileSnapShotHashValue":"d299fc4110b63119247d53c9ceede4e5"}]]},"_outputFiles":{"dataType":"Map","value":[["B:\\yaoyao\\MyApplication3\\entry\\.preview\\default\\intermediates\\res\\default\\module.json",{"isDirectory":false,"fileSnapShotHashValue":"0fed616ffc775b2528bb5d2320e12707"}],["B:\\yaoyao\\MyApplication3\\entry\\.preview\\default\\intermediates\\res\\default\\resources\\base\\profile\\main_pages.json",{"isDirectory":false,"fileSnapShotHashValue":"984f6f01db38dd3eba01c788f13a869f"}]]}},":MyApplication3:entry:default@PreviewArkTS":{"_inputs":[{"dataType":"ValueEntry","value":"{\"_name\":\"debuggable\",\"_value\":true,\"_valueType\":\"boolean\"}"},{"dataType":"ValueEntry","value":"{\"_name\":\"isArk\",\"_value\":true,\"_valueType\":\"boolean\"}"},{"dataType":"ValueEntry","value":"{\"_name\":\"needCoverageInsert\",\"_value\":false,\"_valueType\":\"boolean\"}"},{"dataType":"ValueEntry","value":"{\"_name\":\"arkTsWdiget\",\"_value\":false,\"_valueType\":\"boolean\"}"},{"dataType":"ValueEntry","value":"{\"_name\":\"BUILTIN_TASK_COMMAND\",\"_value\":\"\",\"_valueType\":\"string\"}"},{"dataType":"ValueEntry","value":"{\"_name\":\"BUILTIN_TASK_TOOLCHAIN\",\"_value\":\"\",\"_valueType\":\"string\"}"},{"dataType":"ValueEntry","value":"{\"_name\":\"BUILTIN_TASK_ENV\",\"_value\":\"\",\"_valueType\":\"string\"}"}],"_successful":true,"_projectName":"MyApplication3","_moduleName":"entry","_taskName":"default@PreviewArkTS","_key":":MyApplication3:entry:default@PreviewArkTS","_executionId":":MyApplication3:entry:default@PreviewArkTS:1703511474424","_inputFiles":{"dataType":"Map","value":[["B:\\yaoyao\\MyApplication3\\entry\\.preview\\default\\intermediates\\loader\\default",{"isDirectory":true,"fileSnapShotHashValue":"ca369bb239f2674d23e9b9d744f1d3d0"}],["B:\\yaoyao\\MyApplication3\\entry\\.preview\\default\\intermediates\\res\\default\\ResourceTable.txt",{"fileSnapShotHashValue":"f4ee122c8a396f2800155e9a8012deef"}],["B:\\yaoyao\\MyApplication3\\entry\\.preview\\default\\intermediates\\res\\default\\module.json",{"fileSnapShotHashValue":"0fed616ffc775b2528bb5d2320e12707"}],["B:\\yaoyao\\MyApplication3\\entry\\.preview\\default\\intermediates\\res\\default\\resources\\base\\profile",{"isDirectory":true,"fileSnapShotHashValue":"1013d3e81c0f19763fe16045a939558d"}],["B:\\yaoyao\\MyApplication3\\entry\\src\\main\\ets",{"isDirectory":true,"fileSnapShotHashValue":"a18fa2a951b01e95b93549ec044f9e83"}]]},"_outputFiles":{"dataType":"Map","value":[["B:\\yaoyao\\MyApplication3\\entry\\.preview\\default\\intermediates\\loader_out\\default\\ets",{"isDirectory":true,"fileSnapShotHashValue":""}]]}}}